Sample in Buffer,Sample in Window,TRIGGER,design_1_i/floating_point_3_m_axis_result_tdata[31:0],design_1_i/floating_point_3_m_axis_result_tlast,design_1_i/axi_dma_0_s_axis_s2mm_tready,design_1_i/floating_point_3_m_axis_result_tvalid,design_1_i/axis_data_fifo_0_m_axis_tdata[31:0],design_1_i/axis_data_fifo_0_m_axis_tlast,design_1_i/xfft_0_s_axis_data_tready,design_1_i/axis_data_fifo_0_m_axis_tvalid
Radix - UNSIGNED,UNSIGNED,UNSIGNED,SIGNED,HEX,HEX,HEX,HEX,HEX,HEX,HEX
0,0,0,1280053301,0,0,1,45e00800,0,0,1
1,1,0,1280053301,0,0,1,45e00800,0,0,1
2,2,0,1280053301,0,0,1,45e00800,0,0,1
3,3,0,1280053301,0,0,1,45e00800,0,0,1
4,4,0,1280053301,0,0,1,45e00800,0,0,1
5,5,0,1280053301,0,0,1,45e00800,0,0,1
6,6,0,1280053301,0,0,1,45e00800,0,0,1
7,7,0,1280053301,0,0,1,45e00800,0,0,1
8,8,0,1280053301,0,0,1,45e00800,0,0,1
9,9,0,1280053301,0,0,1,45e00800,0,0,1
10,10,0,1280053301,0,0,1,45e00800,0,0,1
11,11,0,1280053301,0,0,1,45e00800,0,0,1
12,12,0,1280053301,0,0,1,45e00800,0,0,1
13,13,0,1280053301,0,0,1,45e00800,0,0,1
14,14,0,1280053301,0,0,1,45e00800,0,0,1
15,15,0,1280053301,0,0,1,45e00800,0,0,1
16,16,0,1280053301,0,0,1,45e00800,0,0,1
17,17,0,1280053301,0,0,1,45e00800,0,0,1
18,18,0,1280053301,0,0,1,45e00800,0,0,1
19,19,0,1280053301,0,0,1,45e00800,0,0,1
20,20,0,1280053301,0,0,1,45e00800,0,0,1
21,21,0,1280053301,0,0,1,45e00800,0,0,1
22,22,0,1280053301,0,0,1,45e00800,0,0,1
23,23,0,1280053301,0,0,1,45e00800,0,0,1
24,24,0,1280053301,0,0,1,45e00800,0,0,1
25,25,0,1280053301,0,0,1,45e00800,0,0,1
26,26,0,1280053301,0,0,1,45e00800,0,0,1
27,27,0,1280053301,0,0,1,45e00800,0,0,1
28,28,0,1280053301,0,0,1,45e00800,0,0,1
29,29,0,1280053301,0,0,1,45e00800,0,0,1
30,30,0,1280053301,0,0,1,45e00800,0,0,1
31,31,0,1280053301,0,0,1,45e00800,0,0,1
32,32,0,1280053301,0,0,1,45e00800,0,0,1
33,33,0,1280053301,0,0,1,45e00800,0,0,1
34,34,0,1280053301,0,0,1,45e00800,0,0,1
35,35,0,1280053301,0,0,1,45e00800,0,0,1
36,36,0,1280053301,0,0,1,45e00800,0,0,1
37,37,0,1280053301,0,0,1,45e00800,0,0,1
38,38,0,1280053301,0,0,1,45e00800,0,0,1
39,39,0,1280053301,0,0,1,45e00800,0,0,1
40,40,0,1280053301,0,0,1,45e00800,0,0,1
41,41,0,1280053301,0,0,1,45e00800,0,0,1
42,42,0,1280053301,0,0,1,45e00800,0,0,1
43,43,0,1280053301,0,0,1,45e00800,0,0,1
44,44,0,1280053301,0,0,1,45e00800,0,0,1
45,45,0,1280053301,0,0,1,45e00800,0,0,1
46,46,0,1280053301,0,0,1,45e00800,0,0,1
47,47,0,1280053301,0,0,1,45e00800,0,0,1
48,48,0,1280053301,0,0,1,45e00800,0,0,1
49,49,0,1280053301,0,0,1,45e00800,0,0,1
50,50,0,1280053301,0,0,1,45e00800,0,0,1
51,51,0,1280053301,0,0,1,45e00800,0,0,1
52,52,0,1280053301,0,0,1,45e00800,0,0,1
53,53,0,1280053301,0,0,1,45e00800,0,0,1
54,54,0,1280053301,0,0,1,45e00800,0,0,1
55,55,0,1280053301,0,0,1,45e00800,0,0,1
56,56,0,1280053301,0,0,1,45e00800,0,0,1
57,57,0,1280053301,0,0,1,45e00800,0,0,1
58,58,0,1280053301,0,0,1,45e00800,0,0,1
59,59,0,1280053301,0,0,1,45e00800,0,0,1
60,60,0,1280053301,0,0,1,45e00800,0,0,1
61,61,0,1280053301,0,0,1,45e00800,0,0,1
62,62,0,1280053301,0,0,1,45e00800,0,0,1
63,63,0,1280053301,0,0,1,45e00800,0,0,1
64,64,0,1280053301,0,0,1,45e00800,0,0,1
65,65,0,1280053301,0,0,1,45e00800,0,0,1
66,66,0,1280053301,0,0,1,45e00800,0,0,1
67,67,0,1280053301,0,0,1,45e00800,0,0,1
68,68,0,1280053301,0,0,1,45e00800,0,0,1
69,69,0,1280053301,0,0,1,45e00800,0,0,1
70,70,0,1280053301,0,0,1,45e00800,0,0,1
71,71,0,1280053301,0,0,1,45e00800,0,0,1
72,72,0,1280053301,0,0,1,45e00800,0,0,1
73,73,0,1280053301,0,0,1,45e00800,0,0,1
74,74,0,1280053301,0,0,1,45e00800,0,0,1
75,75,0,1280053301,0,0,1,45e00800,0,0,1
76,76,0,1280053301,0,0,1,45e00800,0,0,1
77,77,0,1280053301,0,0,1,45e00800,0,0,1
78,78,0,1280053301,0,0,1,45e00800,0,0,1
79,79,0,1280053301,0,0,1,45e00800,0,0,1
80,80,0,1280053301,0,0,1,45e00800,0,0,1
81,81,0,1280053301,0,0,1,45e00800,0,0,1
82,82,0,1280053301,0,0,1,45e00800,0,0,1
83,83,0,1280053301,0,0,1,45e00800,0,0,1
84,84,0,1280053301,0,0,1,45e00800,0,0,1
85,85,0,1280053301,0,0,1,45e00800,0,0,1
86,86,0,1280053301,0,0,1,45e00800,0,0,1
87,87,0,1280053301,0,0,1,45e00800,0,0,1
88,88,0,1280053301,0,0,1,45e00800,0,0,1
89,89,0,1280053301,0,0,1,45e00800,0,0,1
90,90,0,1280053301,0,0,1,45e00800,0,0,1
91,91,0,1280053301,0,0,1,45e00800,0,0,1
92,92,0,1280053301,0,0,1,45e00800,0,0,1
93,93,0,1280053301,0,0,1,45e00800,0,0,1
94,94,0,1280053301,0,0,1,45e00800,0,0,1
95,95,0,1280053301,0,0,1,45e00800,0,0,1
96,96,0,1280053301,0,0,1,45e00800,0,0,1
97,97,0,1280053301,0,0,1,45e00800,0,0,1
98,98,0,1280053301,0,0,1,45e00800,0,0,1
99,99,0,1280053301,0,0,1,45e00800,0,0,1
100,100,0,1280053301,0,0,1,45e00800,0,0,1
101,101,0,1280053301,0,0,1,45e00800,0,0,1
102,102,0,1280053301,0,0,1,45e00800,0,0,1
103,103,0,1280053301,0,0,1,45e00800,0,0,1
104,104,0,1280053301,0,0,1,45e00800,0,0,1
105,105,0,1280053301,0,0,1,45e00800,0,0,1
106,106,0,1280053301,0,0,1,45e00800,0,0,1
107,107,0,1280053301,0,0,1,45e00800,0,0,1
108,108,0,1280053301,0,0,1,45e00800,0,0,1
109,109,0,1280053301,0,0,1,45e00800,0,0,1
110,110,0,1280053301,0,0,1,45e00800,0,0,1
111,111,0,1280053301,0,0,1,45e00800,0,0,1
112,112,0,1280053301,0,0,1,45e00800,0,0,1
113,113,0,1280053301,0,0,1,45e00800,0,0,1
114,114,0,1280053301,0,0,1,45e00800,0,0,1
115,115,0,1280053301,0,0,1,45e00800,0,0,1
116,116,0,1280053301,0,0,1,45e00800,0,0,1
117,117,0,1280053301,0,0,1,45e00800,0,0,1
118,118,0,1280053301,0,0,1,45e00800,0,0,1
119,119,0,1280053301,0,0,1,45e00800,0,0,1
120,120,0,1280053301,0,0,1,45e00800,0,0,1
121,121,0,1280053301,0,0,1,45e00800,0,0,1
122,122,0,1280053301,0,0,1,45e00800,0,0,1
123,123,0,1280053301,0,0,1,45e00800,0,0,1
124,124,0,1280053301,0,0,1,45e00800,0,0,1
125,125,0,1280053301,0,0,1,45e00800,0,0,1
126,126,0,1280053301,0,0,1,45e00800,0,0,1
127,127,0,1280053301,0,0,1,45e00800,0,0,1
128,128,0,1280053301,0,0,1,45e00800,0,0,1
129,129,0,1280053301,0,0,1,45e00800,0,0,1
130,130,0,1280053301,0,0,1,45e00800,0,0,1
131,131,0,1280053301,0,0,1,45e00800,0,0,1
132,132,0,1280053301,0,0,1,45e00800,0,0,1
133,133,0,1280053301,0,0,1,45e00800,0,0,1
134,134,0,1280053301,0,0,1,45e00800,0,0,1
135,135,0,1280053301,0,0,1,45e00800,0,0,1
136,136,0,1280053301,0,0,1,45e00800,0,0,1
137,137,0,1280053301,0,0,1,45e00800,0,0,1
138,138,0,1280053301,0,0,1,45e00800,0,0,1
139,139,0,1280053301,0,0,1,45e00800,0,0,1
140,140,0,1280053301,0,0,1,45e00800,0,0,1
141,141,0,1280053301,0,0,1,45e00800,0,0,1
142,142,0,1280053301,0,0,1,45e00800,0,0,1
143,143,0,1280053301,0,0,1,45e00800,0,0,1
144,144,0,1280053301,0,0,1,45e00800,0,0,1
145,145,0,1280053301,0,0,1,45e00800,0,0,1
146,146,0,1280053301,0,0,1,45e00800,0,0,1
147,147,0,1280053301,0,0,1,45e00800,0,0,1
148,148,0,1280053301,0,0,1,45e00800,0,0,1
149,149,0,1280053301,0,0,1,45e00800,0,0,1
150,150,0,1280053301,0,0,1,45e00800,0,0,1
151,151,0,1280053301,0,0,1,45e00800,0,0,1
152,152,0,1280053301,0,0,1,45e00800,0,0,1
153,153,0,1280053301,0,0,1,45e00800,0,0,1
154,154,0,1280053301,0,0,1,45e00800,0,0,1
155,155,0,1280053301,0,0,1,45e00800,0,0,1
156,156,0,1280053301,0,0,1,45e00800,0,0,1
157,157,0,1280053301,0,0,1,45e00800,0,0,1
158,158,0,1280053301,0,0,1,45e00800,0,0,1
159,159,0,1280053301,0,0,1,45e00800,0,0,1
160,160,0,1280053301,0,0,1,45e00800,0,0,1
161,161,0,1280053301,0,0,1,45e00800,0,0,1
162,162,0,1280053301,0,0,1,45e00800,0,0,1
163,163,0,1280053301,0,0,1,45e00800,0,0,1
164,164,0,1280053301,0,0,1,45e00800,0,0,1
165,165,0,1280053301,0,0,1,45e00800,0,0,1
166,166,0,1280053301,0,0,1,45e00800,0,0,1
167,167,0,1280053301,0,0,1,45e00800,0,0,1
168,168,0,1280053301,0,0,1,45e00800,0,0,1
169,169,0,1280053301,0,0,1,45e00800,0,0,1
170,170,0,1280053301,0,0,1,45e00800,0,0,1
171,171,0,1280053301,0,0,1,45e00800,0,0,1
172,172,0,1280053301,0,0,1,45e00800,0,0,1
173,173,0,1280053301,0,0,1,45e00800,0,0,1
174,174,0,1280053301,0,0,1,45e00800,0,0,1
175,175,0,1280053301,0,0,1,45e00800,0,0,1
176,176,0,1280053301,0,0,1,45e00800,0,0,1
177,177,0,1280053301,0,0,1,45e00800,0,0,1
178,178,0,1280053301,0,0,1,45e00800,0,0,1
179,179,0,1280053301,0,0,1,45e00800,0,0,1
180,180,0,1280053301,0,0,1,45e00800,0,0,1
181,181,0,1280053301,0,0,1,45e00800,0,0,1
182,182,0,1280053301,0,0,1,45e00800,0,0,1
183,183,0,1280053301,0,0,1,45e00800,0,0,1
184,184,0,1280053301,0,0,1,45e00800,0,0,1
185,185,0,1280053301,0,0,1,45e00800,0,0,1
186,186,0,1280053301,0,0,1,45e00800,0,0,1
187,187,0,1280053301,0,0,1,45e00800,0,0,1
188,188,0,1280053301,0,0,1,45e00800,0,0,1
189,189,0,1280053301,0,0,1,45e00800,0,0,1
190,190,0,1280053301,0,0,1,45e00800,0,0,1
191,191,0,1280053301,0,0,1,45e00800,0,0,1
192,192,0,1280053301,0,0,1,45e00800,0,0,1
193,193,0,1280053301,0,0,1,45e00800,0,0,1
194,194,0,1280053301,0,0,1,45e00800,0,0,1
195,195,0,1280053301,0,0,1,45e00800,0,0,1
196,196,0,1280053301,0,0,1,45e00800,0,0,1
197,197,0,1280053301,0,0,1,45e00800,0,0,1
198,198,0,1280053301,0,0,1,45e00800,0,0,1
199,199,0,1280053301,0,0,1,45e00800,0,0,1
200,200,0,1280053301,0,0,1,45e00800,0,0,1
201,201,0,1280053301,0,0,1,45e00800,0,0,1
202,202,0,1280053301,0,0,1,45e00800,0,0,1
203,203,0,1280053301,0,0,1,45e00800,0,0,1
204,204,0,1280053301,0,0,1,45e00800,0,0,1
205,205,0,1280053301,0,0,1,45e00800,0,0,1
206,206,0,1280053301,0,0,1,45e00800,0,0,1
207,207,0,1280053301,0,0,1,45e00800,0,0,1
208,208,0,1280053301,0,0,1,45e00800,0,0,1
209,209,0,1280053301,0,0,1,45e00800,0,0,1
210,210,0,1280053301,0,0,1,45e00800,0,0,1
211,211,0,1280053301,0,0,1,45e00800,0,0,1
212,212,0,1280053301,0,0,1,45e00800,0,0,1
213,213,0,1280053301,0,0,1,45e00800,0,0,1
214,214,0,1280053301,0,0,1,45e00800,0,0,1
215,215,0,1280053301,0,0,1,45e00800,0,0,1
216,216,0,1280053301,0,0,1,45e00800,0,0,1
217,217,0,1280053301,0,0,1,45e00800,0,0,1
218,218,0,1280053301,0,0,1,45e00800,0,0,1
219,219,0,1280053301,0,0,1,45e00800,0,0,1
220,220,0,1280053301,0,0,1,45e00800,0,0,1
221,221,0,1280053301,0,0,1,45e00800,0,0,1
222,222,0,1280053301,0,0,1,45e00800,0,0,1
223,223,0,1280053301,0,0,1,45e00800,0,0,1
224,224,0,1280053301,0,0,1,45e00800,0,0,1
225,225,0,1280053301,0,0,1,45e00800,0,0,1
226,226,0,1280053301,0,0,1,45e00800,0,0,1
227,227,0,1280053301,0,0,1,45e00800,0,0,1
228,228,0,1280053301,0,0,1,45e00800,0,0,1
229,229,0,1280053301,0,0,1,45e00800,0,0,1
230,230,0,1280053301,0,0,1,45e00800,0,0,1
231,231,0,1280053301,0,0,1,45e00800,0,0,1
232,232,0,1280053301,0,0,1,45e00800,0,0,1
233,233,0,1280053301,0,0,1,45e00800,0,0,1
234,234,0,1280053301,0,0,1,45e00800,0,0,1
235,235,0,1280053301,0,0,1,45e00800,0,0,1
236,236,0,1280053301,0,0,1,45e00800,0,0,1
237,237,0,1280053301,0,0,1,45e00800,0,0,1
238,238,0,1280053301,0,0,1,45e00800,0,0,1
239,239,0,1280053301,0,0,1,45e00800,0,0,1
240,240,0,1280053301,0,0,1,45e00800,0,0,1
241,241,0,1280053301,0,0,1,45e00800,0,0,1
242,242,0,1280053301,0,0,1,45e00800,0,0,1
243,243,0,1280053301,0,0,1,45e00800,0,0,1
244,244,0,1280053301,0,0,1,45e00800,0,0,1
245,245,0,1280053301,0,0,1,45e00800,0,0,1
246,246,0,1280053301,0,0,1,45e00800,0,0,1
247,247,0,1280053301,0,0,1,45e00800,0,0,1
248,248,0,1280053301,0,0,1,45e00800,0,0,1
249,249,0,1280053301,0,0,1,45e00800,0,0,1
250,250,0,1280053301,0,0,1,45e00800,0,0,1
251,251,0,1280053301,0,0,1,45e00800,0,0,1
252,252,0,1280053301,0,0,1,45e00800,0,0,1
253,253,0,1280053301,0,0,1,45e00800,0,0,1
254,254,0,1280053301,0,0,1,45e00800,0,0,1
255,255,0,1280053301,0,0,1,45e00800,0,0,1
256,256,0,1280053301,0,0,1,45e00800,0,0,1
257,257,0,1280053301,0,0,1,45e00800,0,0,1
258,258,0,1280053301,0,0,1,45e00800,0,0,1
259,259,0,1280053301,0,0,1,45e00800,0,0,1
260,260,0,1280053301,0,0,1,45e00800,0,0,1
261,261,0,1280053301,0,0,1,45e00800,0,0,1
262,262,0,1280053301,0,0,1,45e00800,0,0,1
263,263,0,1280053301,0,0,1,45e00800,0,0,1
264,264,0,1280053301,0,0,1,45e00800,0,0,1
265,265,0,1280053301,0,0,1,45e00800,0,0,1
266,266,0,1280053301,0,0,1,45e00800,0,0,1
267,267,0,1280053301,0,0,1,45e00800,0,0,1
268,268,0,1280053301,0,0,1,45e00800,0,0,1
269,269,0,1280053301,0,0,1,45e00800,0,0,1
270,270,0,1280053301,0,0,1,45e00800,0,0,1
271,271,0,1280053301,0,0,1,45e00800,0,0,1
272,272,0,1280053301,0,0,1,45e00800,0,0,1
273,273,0,1280053301,0,0,1,45e00800,0,0,1
274,274,0,1280053301,0,0,1,45e00800,0,0,1
275,275,0,1280053301,0,0,1,45e00800,0,0,1
276,276,0,1280053301,0,0,1,45e00800,0,0,1
277,277,0,1280053301,0,0,1,45e00800,0,0,1
278,278,0,1280053301,0,0,1,45e00800,0,0,1
279,279,0,1280053301,0,0,1,45e00800,0,0,1
280,280,0,1280053301,0,0,1,45e00800,0,0,1
281,281,0,1280053301,0,0,1,45e00800,0,0,1
282,282,0,1280053301,0,0,1,45e00800,0,0,1
283,283,0,1280053301,0,0,1,45e00800,0,0,1
284,284,0,1280053301,0,0,1,45e00800,0,0,1
285,285,0,1280053301,0,0,1,45e00800,0,0,1
286,286,0,1280053301,0,0,1,45e00800,0,0,1
287,287,0,1280053301,0,0,1,45e00800,0,0,1
288,288,0,1280053301,0,0,1,45e00800,0,0,1
289,289,0,1280053301,0,0,1,45e00800,0,0,1
290,290,0,1280053301,0,0,1,45e00800,0,0,1
291,291,0,1280053301,0,0,1,45e00800,0,0,1
292,292,0,1280053301,0,0,1,45e00800,0,0,1
293,293,0,1280053301,0,0,1,45e00800,0,0,1
294,294,0,1280053301,0,0,1,45e00800,0,0,1
295,295,0,1280053301,0,0,1,45e00800,0,0,1
296,296,0,1280053301,0,0,1,45e00800,0,0,1
297,297,0,1280053301,0,0,1,45e00800,0,0,1
298,298,0,1280053301,0,0,1,45e00800,0,0,1
299,299,0,1280053301,0,0,1,45e00800,0,0,1
300,300,0,1280053301,0,0,1,45e00800,0,0,1
301,301,0,1280053301,0,0,1,45e00800,0,0,1
302,302,0,1280053301,0,0,1,45e00800,0,0,1
303,303,0,1280053301,0,0,1,45e00800,0,0,1
304,304,0,1280053301,0,0,1,45e00800,0,0,1
305,305,0,1280053301,0,0,1,45e00800,0,0,1
306,306,0,1280053301,0,0,1,45e00800,0,0,1
307,307,0,1280053301,0,0,1,45e00800,0,0,1
308,308,0,1280053301,0,0,1,45e00800,0,0,1
309,309,0,1280053301,0,0,1,45e00800,0,0,1
310,310,0,1280053301,0,0,1,45e00800,0,0,1
311,311,0,1280053301,0,0,1,45e00800,0,0,1
312,312,0,1280053301,0,0,1,45e00800,0,0,1
313,313,0,1280053301,0,0,1,45e00800,0,0,1
314,314,0,1280053301,0,0,1,45e00800,0,0,1
315,315,0,1280053301,0,0,1,45e00800,0,0,1
316,316,0,1280053301,0,0,1,45e00800,0,0,1
317,317,0,1280053301,0,0,1,45e00800,0,0,1
318,318,0,1280053301,0,0,1,45e00800,0,0,1
319,319,0,1280053301,0,0,1,45e00800,0,0,1
320,320,0,1280053301,0,0,1,45e00800,0,0,1
321,321,0,1280053301,0,0,1,45e00800,0,0,1
322,322,0,1280053301,0,0,1,45e00800,0,0,1
323,323,0,1280053301,0,0,1,45e00800,0,0,1
324,324,0,1280053301,0,0,1,45e00800,0,0,1
325,325,0,1280053301,0,0,1,45e00800,0,0,1
326,326,0,1280053301,0,0,1,45e00800,0,0,1
327,327,0,1280053301,0,0,1,45e00800,0,0,1
328,328,0,1280053301,0,0,1,45e00800,0,0,1
329,329,0,1280053301,0,0,1,45e00800,0,0,1
330,330,0,1280053301,0,0,1,45e00800,0,0,1
331,331,0,1280053301,0,0,1,45e00800,0,0,1
332,332,0,1280053301,0,0,1,45e00800,0,0,1
333,333,0,1280053301,0,0,1,45e00800,0,0,1
334,334,0,1280053301,0,0,1,45e00800,0,0,1
335,335,0,1280053301,0,0,1,45e00800,0,0,1
336,336,0,1280053301,0,0,1,45e00800,0,0,1
337,337,0,1280053301,0,0,1,45e00800,0,0,1
338,338,0,1280053301,0,0,1,45e00800,0,0,1
339,339,0,1280053301,0,0,1,45e00800,0,0,1
340,340,0,1280053301,0,0,1,45e00800,0,0,1
341,341,0,1280053301,0,0,1,45e00800,0,0,1
342,342,0,1280053301,0,0,1,45e00800,0,0,1
343,343,0,1280053301,0,0,1,45e00800,0,0,1
344,344,0,1280053301,0,0,1,45e00800,0,0,1
345,345,0,1280053301,0,0,1,45e00800,0,0,1
346,346,0,1280053301,0,0,1,45e00800,0,0,1
347,347,0,1280053301,0,0,1,45e00800,0,0,1
348,348,0,1280053301,0,0,1,45e00800,0,0,1
349,349,0,1280053301,0,0,1,45e00800,0,0,1
350,350,0,1280053301,0,0,1,45e00800,0,0,1
351,351,0,1280053301,0,0,1,45e00800,0,0,1
352,352,0,1280053301,0,0,1,45e00800,0,0,1
353,353,0,1280053301,0,0,1,45e00800,0,0,1
354,354,0,1280053301,0,0,1,45e00800,0,0,1
355,355,0,1280053301,0,0,1,45e00800,0,0,1
356,356,0,1280053301,0,0,1,45e00800,0,0,1
357,357,0,1280053301,0,0,1,45e00800,0,0,1
358,358,0,1280053301,0,0,1,45e00800,0,0,1
359,359,0,1280053301,0,0,1,45e00800,0,0,1
360,360,0,1280053301,0,0,1,45e00800,0,0,1
361,361,0,1280053301,0,0,1,45e00800,0,0,1
362,362,0,1280053301,0,0,1,45e00800,0,0,1
363,363,0,1280053301,0,0,1,45e00800,0,0,1
364,364,0,1280053301,0,0,1,45e00800,0,0,1
365,365,0,1280053301,0,0,1,45e00800,0,0,1
366,366,0,1280053301,0,0,1,45e00800,0,0,1
367,367,0,1280053301,0,0,1,45e00800,0,0,1
368,368,0,1280053301,0,0,1,45e00800,0,0,1
369,369,0,1280053301,0,0,1,45e00800,0,0,1
370,370,0,1280053301,0,0,1,45e00800,0,0,1
371,371,0,1280053301,0,0,1,45e00800,0,0,1
372,372,0,1280053301,0,0,1,45e00800,0,0,1
373,373,0,1280053301,0,0,1,45e00800,0,0,1
374,374,0,1280053301,0,0,1,45e00800,0,0,1
375,375,0,1280053301,0,0,1,45e00800,0,0,1
376,376,0,1280053301,0,0,1,45e00800,0,0,1
377,377,0,1280053301,0,0,1,45e00800,0,0,1
378,378,0,1280053301,0,0,1,45e00800,0,0,1
379,379,0,1280053301,0,0,1,45e00800,0,0,1
380,380,0,1280053301,0,0,1,45e00800,0,0,1
381,381,0,1280053301,0,0,1,45e00800,0,0,1
382,382,0,1280053301,0,0,1,45e00800,0,0,1
383,383,0,1280053301,0,0,1,45e00800,0,0,1
384,384,0,1280053301,0,0,1,45e00800,0,0,1
385,385,0,1280053301,0,0,1,45e00800,0,0,1
386,386,0,1280053301,0,0,1,45e00800,0,0,1
387,387,0,1280053301,0,0,1,45e00800,0,0,1
388,388,0,1280053301,0,0,1,45e00800,0,0,1
389,389,0,1280053301,0,0,1,45e00800,0,0,1
390,390,0,1280053301,0,0,1,45e00800,0,0,1
391,391,0,1280053301,0,0,1,45e00800,0,0,1
392,392,0,1280053301,0,0,1,45e00800,0,0,1
393,393,0,1280053301,0,0,1,45e00800,0,0,1
394,394,0,1280053301,0,0,1,45e00800,0,0,1
395,395,0,1280053301,0,0,1,45e00800,0,0,1
396,396,0,1280053301,0,0,1,45e00800,0,0,1
397,397,0,1280053301,0,0,1,45e00800,0,0,1
398,398,0,1280053301,0,0,1,45e00800,0,0,1
399,399,0,1280053301,0,0,1,45e00800,0,0,1
400,400,0,1280053301,0,0,1,45e00800,0,0,1
401,401,0,1280053301,0,0,1,45e00800,0,0,1
402,402,0,1280053301,0,0,1,45e00800,0,0,1
403,403,0,1280053301,0,0,1,45e00800,0,0,1
404,404,0,1280053301,0,0,1,45e00800,0,0,1
405,405,0,1280053301,0,0,1,45e00800,0,0,1
406,406,0,1280053301,0,0,1,45e00800,0,0,1
407,407,0,1280053301,0,0,1,45e00800,0,0,1
408,408,0,1280053301,0,0,1,45e00800,0,0,1
409,409,0,1280053301,0,0,1,45e00800,0,0,1
410,410,0,1280053301,0,0,1,45e00800,0,0,1
411,411,0,1280053301,0,0,1,45e00800,0,0,1
412,412,0,1280053301,0,0,1,45e00800,0,0,1
413,413,0,1280053301,0,0,1,45e00800,0,0,1
414,414,0,1280053301,0,0,1,45e00800,0,0,1
415,415,0,1280053301,0,0,1,45e00800,0,0,1
416,416,0,1280053301,0,0,1,45e00800,0,0,1
417,417,0,1280053301,0,0,1,45e00800,0,0,1
418,418,0,1280053301,0,0,1,45e00800,0,0,1
419,419,0,1280053301,0,0,1,45e00800,0,0,1
420,420,0,1280053301,0,0,1,45e00800,0,0,1
421,421,0,1280053301,0,0,1,45e00800,0,0,1
422,422,0,1280053301,0,0,1,45e00800,0,0,1
423,423,0,1280053301,0,0,1,45e00800,0,0,1
424,424,0,1280053301,0,0,1,45e00800,0,0,1
425,425,0,1280053301,0,0,1,45e00800,0,0,1
426,426,0,1280053301,0,0,1,45e00800,0,0,1
427,427,0,1280053301,0,0,1,45e00800,0,0,1
428,428,0,1280053301,0,0,1,45e00800,0,0,1
429,429,0,1280053301,0,0,1,45e00800,0,0,1
430,430,0,1280053301,0,0,1,45e00800,0,0,1
431,431,0,1280053301,0,0,1,45e00800,0,0,1
432,432,0,1280053301,0,0,1,45e00800,0,0,1
433,433,0,1280053301,0,0,1,45e00800,0,0,1
434,434,0,1280053301,0,0,1,45e00800,0,0,1
435,435,0,1280053301,0,0,1,45e00800,0,0,1
436,436,0,1280053301,0,0,1,45e00800,0,0,1
437,437,0,1280053301,0,0,1,45e00800,0,0,1
438,438,0,1280053301,0,0,1,45e00800,0,0,1
439,439,0,1280053301,0,0,1,45e00800,0,0,1
440,440,0,1280053301,0,0,1,45e00800,0,0,1
441,441,0,1280053301,0,0,1,45e00800,0,0,1
442,442,0,1280053301,0,0,1,45e00800,0,0,1
443,443,0,1280053301,0,0,1,45e00800,0,0,1
444,444,0,1280053301,0,0,1,45e00800,0,0,1
445,445,0,1280053301,0,0,1,45e00800,0,0,1
446,446,0,1280053301,0,0,1,45e00800,0,0,1
447,447,0,1280053301,0,0,1,45e00800,0,0,1
448,448,0,1280053301,0,0,1,45e00800,0,0,1
449,449,0,1280053301,0,0,1,45e00800,0,0,1
450,450,0,1280053301,0,0,1,45e00800,0,0,1
451,451,0,1280053301,0,0,1,45e00800,0,0,1
452,452,0,1280053301,0,0,1,45e00800,0,0,1
453,453,0,1280053301,0,0,1,45e00800,0,0,1
454,454,0,1280053301,0,0,1,45e00800,0,0,1
455,455,0,1280053301,0,0,1,45e00800,0,0,1
456,456,0,1280053301,0,0,1,45e00800,0,0,1
457,457,0,1280053301,0,0,1,45e00800,0,0,1
458,458,0,1280053301,0,0,1,45e00800,0,0,1
459,459,0,1280053301,0,0,1,45e00800,0,0,1
460,460,0,1280053301,0,0,1,45e00800,0,0,1
461,461,0,1280053301,0,0,1,45e00800,0,0,1
462,462,0,1280053301,0,0,1,45e00800,0,0,1
463,463,0,1280053301,0,0,1,45e00800,0,0,1
464,464,0,1280053301,0,0,1,45e00800,0,0,1
465,465,0,1280053301,0,0,1,45e00800,0,0,1
466,466,0,1280053301,0,0,1,45e00800,0,0,1
467,467,0,1280053301,0,0,1,45e00800,0,0,1
468,468,0,1280053301,0,0,1,45e00800,0,0,1
469,469,0,1280053301,0,0,1,45e00800,0,0,1
470,470,0,1280053301,0,0,1,45e00800,0,0,1
471,471,0,1280053301,0,0,1,45e00800,0,0,1
472,472,0,1280053301,0,0,1,45e00800,0,0,1
473,473,0,1280053301,0,0,1,45e00800,0,0,1
474,474,0,1280053301,0,0,1,45e00800,0,0,1
475,475,0,1280053301,0,0,1,45e00800,0,0,1
476,476,0,1280053301,0,0,1,45e00800,0,0,1
477,477,0,1280053301,0,0,1,45e00800,0,0,1
478,478,0,1280053301,0,0,1,45e00800,0,0,1
479,479,0,1280053301,0,0,1,45e00800,0,0,1
480,480,0,1280053301,0,0,1,45e00800,0,0,1
481,481,0,1280053301,0,0,1,45e00800,0,0,1
482,482,0,1280053301,0,0,1,45e00800,0,0,1
483,483,0,1280053301,0,0,1,45e00800,0,0,1
484,484,0,1280053301,0,0,1,45e00800,0,0,1
485,485,0,1280053301,0,0,1,45e00800,0,0,1
486,486,0,1280053301,0,0,1,45e00800,0,0,1
487,487,0,1280053301,0,0,1,45e00800,0,0,1
488,488,0,1280053301,0,0,1,45e00800,0,0,1
489,489,0,1280053301,0,0,1,45e00800,0,0,1
490,490,0,1280053301,0,0,1,45e00800,0,0,1
491,491,0,1280053301,0,0,1,45e00800,0,0,1
492,492,0,1280053301,0,0,1,45e00800,0,0,1
493,493,0,1280053301,0,0,1,45e00800,0,0,1
494,494,0,1280053301,0,0,1,45e00800,0,0,1
495,495,0,1280053301,0,0,1,45e00800,0,0,1
496,496,0,1280053301,0,0,1,45e00800,0,0,1
497,497,0,1280053301,0,0,1,45e00800,0,0,1
498,498,0,1280053301,0,0,1,45e00800,0,0,1
499,499,0,1280053301,0,0,1,45e00800,0,0,1
500,500,0,1280053301,0,0,1,45e00800,0,0,1
501,501,0,1280053301,0,0,1,45e00800,0,0,1
502,502,0,1280053301,0,0,1,45e00800,0,0,1
503,503,0,1280053301,0,0,1,45e00800,0,0,1
504,504,0,1280053301,0,0,1,45e00800,0,0,1
505,505,0,1280053301,0,0,1,45e00800,0,0,1
506,506,0,1280053301,0,0,1,45e00800,0,0,1
507,507,0,1280053301,0,0,1,45e00800,0,0,1
508,508,0,1280053301,0,0,1,45e00800,0,0,1
509,509,0,1280053301,0,0,1,45e00800,0,0,1
510,510,0,1280053301,0,0,1,45e00800,0,0,1
511,511,0,1280053301,0,0,1,45e00800,0,0,1
512,512,0,1280053301,0,0,1,45e00800,0,0,1
513,513,0,1280053301,0,0,1,45e00800,0,0,1
514,514,0,1280053301,0,0,1,45e00800,0,0,1
515,515,0,1280053301,0,0,1,45e00800,0,0,1
516,516,0,1280053301,0,0,1,45e00800,0,0,1
517,517,0,1280053301,0,0,1,45e00800,0,0,1
518,518,0,1280053301,0,0,1,45e00800,0,0,1
519,519,0,1280053301,0,0,1,45e00800,0,0,1
520,520,0,1280053301,0,0,1,45e00800,0,0,1
521,521,0,1280053301,0,0,1,45e00800,0,0,1
522,522,0,1280053301,0,0,1,45e00800,0,0,1
523,523,0,1280053301,0,0,1,45e00800,0,0,1
524,524,0,1280053301,0,0,1,45e00800,0,0,1
525,525,0,1280053301,0,0,1,45e00800,0,0,1
526,526,0,1280053301,0,0,1,45e00800,0,0,1
527,527,0,1280053301,0,0,1,45e00800,0,0,1
528,528,0,1280053301,0,0,1,45e00800,0,0,1
529,529,0,1280053301,0,0,1,45e00800,0,0,1
530,530,0,1280053301,0,0,1,45e00800,0,0,1
531,531,0,1280053301,0,0,1,45e00800,0,0,1
532,532,0,1280053301,0,0,1,45e00800,0,0,1
533,533,0,1280053301,0,0,1,45e00800,0,0,1
534,534,0,1280053301,0,0,1,45e00800,0,0,1
535,535,0,1280053301,0,0,1,45e00800,0,0,1
536,536,0,1280053301,0,0,1,45e00800,0,0,1
537,537,0,1280053301,0,0,1,45e00800,0,0,1
538,538,0,1280053301,0,0,1,45e00800,0,0,1
539,539,0,1280053301,0,0,1,45e00800,0,0,1
540,540,0,1280053301,0,0,1,45e00800,0,0,1
541,541,0,1280053301,0,0,1,45e00800,0,0,1
542,542,0,1280053301,0,0,1,45e00800,0,0,1
543,543,0,1280053301,0,0,1,45e00800,0,0,1
544,544,0,1280053301,0,0,1,45e00800,0,0,1
545,545,0,1280053301,0,0,1,45e00800,0,0,1
546,546,0,1280053301,0,0,1,45e00800,0,0,1
547,547,0,1280053301,0,0,1,45e00800,0,0,1
548,548,0,1280053301,0,0,1,45e00800,0,0,1
549,549,0,1280053301,0,0,1,45e00800,0,0,1
550,550,0,1280053301,0,0,1,45e00800,0,0,1
551,551,0,1280053301,0,0,1,45e00800,0,0,1
552,552,0,1280053301,0,0,1,45e00800,0,0,1
553,553,0,1280053301,0,0,1,45e00800,0,0,1
554,554,0,1280053301,0,0,1,45e00800,0,0,1
555,555,0,1280053301,0,0,1,45e00800,0,0,1
556,556,0,1280053301,0,0,1,45e00800,0,0,1
557,557,0,1280053301,0,0,1,45e00800,0,0,1
558,558,0,1280053301,0,0,1,45e00800,0,0,1
559,559,0,1280053301,0,0,1,45e00800,0,0,1
560,560,0,1280053301,0,0,1,45e00800,0,0,1
561,561,0,1280053301,0,0,1,45e00800,0,0,1
562,562,0,1280053301,0,0,1,45e00800,0,0,1
563,563,0,1280053301,0,0,1,45e00800,0,0,1
564,564,0,1280053301,0,0,1,45e00800,0,0,1
565,565,0,1280053301,0,0,1,45e00800,0,0,1
566,566,0,1280053301,0,0,1,45e00800,0,0,1
567,567,0,1280053301,0,0,1,45e00800,0,0,1
568,568,0,1280053301,0,0,1,45e00800,0,0,1
569,569,0,1280053301,0,0,1,45e00800,0,0,1
570,570,0,1280053301,0,0,1,45e00800,0,0,1
571,571,0,1280053301,0,0,1,45e00800,0,0,1
572,572,0,1280053301,0,0,1,45e00800,0,0,1
573,573,0,1280053301,0,0,1,45e00800,0,0,1
574,574,0,1280053301,0,0,1,45e00800,0,0,1
575,575,0,1280053301,0,0,1,45e00800,0,0,1
576,576,0,1280053301,0,0,1,45e00800,0,0,1
577,577,0,1280053301,0,0,1,45e00800,0,0,1
578,578,0,1280053301,0,0,1,45e00800,0,0,1
579,579,0,1280053301,0,0,1,45e00800,0,0,1
580,580,0,1280053301,0,0,1,45e00800,0,0,1
581,581,0,1280053301,0,0,1,45e00800,0,0,1
582,582,0,1280053301,0,0,1,45e00800,0,0,1
583,583,0,1280053301,0,0,1,45e00800,0,0,1
584,584,0,1280053301,0,0,1,45e00800,0,0,1
585,585,0,1280053301,0,0,1,45e00800,0,0,1
586,586,0,1280053301,0,0,1,45e00800,0,0,1
587,587,0,1280053301,0,0,1,45e00800,0,0,1
588,588,0,1280053301,0,0,1,45e00800,0,0,1
589,589,0,1280053301,0,0,1,45e00800,0,0,1
590,590,0,1280053301,0,0,1,45e00800,0,0,1
591,591,0,1280053301,0,0,1,45e00800,0,0,1
592,592,0,1280053301,0,0,1,45e00800,0,0,1
593,593,0,1280053301,0,0,1,45e00800,0,0,1
594,594,0,1280053301,0,0,1,45e00800,0,0,1
595,595,0,1280053301,0,0,1,45e00800,0,0,1
596,596,0,1280053301,0,0,1,45e00800,0,0,1
597,597,0,1280053301,0,0,1,45e00800,0,0,1
598,598,0,1280053301,0,0,1,45e00800,0,0,1
599,599,0,1280053301,0,0,1,45e00800,0,0,1
600,600,0,1280053301,0,0,1,45e00800,0,0,1
601,601,0,1280053301,0,0,1,45e00800,0,0,1
602,602,0,1280053301,0,0,1,45e00800,0,0,1
603,603,0,1280053301,0,0,1,45e00800,0,0,1
604,604,0,1280053301,0,0,1,45e00800,0,0,1
605,605,0,1280053301,0,0,1,45e00800,0,0,1
606,606,0,1280053301,0,0,1,45e00800,0,0,1
607,607,0,1280053301,0,0,1,45e00800,0,0,1
608,608,0,1280053301,0,0,1,45e00800,0,0,1
609,609,0,1280053301,0,0,1,45e00800,0,0,1
610,610,0,1280053301,0,0,1,45e00800,0,0,1
611,611,0,1280053301,0,0,1,45e00800,0,0,1
612,612,0,1280053301,0,0,1,45e00800,0,0,1
613,613,0,1280053301,0,0,1,45e00800,0,0,1
614,614,0,1280053301,0,0,1,45e00800,0,0,1
615,615,0,1280053301,0,0,1,45e00800,0,0,1
616,616,0,1280053301,0,0,1,45e00800,0,0,1
617,617,0,1280053301,0,0,1,45e00800,0,0,1
618,618,0,1280053301,0,0,1,45e00800,0,0,1
619,619,0,1280053301,0,0,1,45e00800,0,0,1
620,620,0,1280053301,0,0,1,45e00800,0,0,1
621,621,0,1280053301,0,0,1,45e00800,0,0,1
622,622,0,1280053301,0,0,1,45e00800,0,0,1
623,623,0,1280053301,0,0,1,45e00800,0,0,1
624,624,0,1280053301,0,0,1,45e00800,0,0,1
625,625,0,1280053301,0,0,1,45e00800,0,0,1
626,626,0,1280053301,0,0,1,45e00800,0,0,1
627,627,0,1280053301,0,0,1,45e00800,0,0,1
628,628,0,1280053301,0,0,1,45e00800,0,0,1
629,629,0,1280053301,0,0,1,45e00800,0,0,1
630,630,0,1280053301,0,0,1,45e00800,0,0,1
631,631,0,1280053301,0,0,1,45e00800,0,0,1
632,632,0,1280053301,0,0,1,45e00800,0,0,1
633,633,0,1280053301,0,0,1,45e00800,0,0,1
634,634,0,1280053301,0,0,1,45e00800,0,0,1
635,635,0,1280053301,0,0,1,45e00800,0,0,1
636,636,0,1280053301,0,0,1,45e00800,0,0,1
637,637,0,1280053301,0,0,1,45e00800,0,0,1
638,638,0,1280053301,0,0,1,45e00800,0,0,1
639,639,0,1280053301,0,0,1,45e00800,0,0,1
640,640,0,1280053301,0,0,1,45e00800,0,0,1
641,641,0,1280053301,0,0,1,45e00800,0,0,1
642,642,0,1280053301,0,0,1,45e00800,0,0,1
643,643,0,1280053301,0,0,1,45e00800,0,0,1
644,644,0,1280053301,0,0,1,45e00800,0,0,1
645,645,0,1280053301,0,0,1,45e00800,0,0,1
646,646,0,1280053301,0,0,1,45e00800,0,0,1
647,647,0,1280053301,0,0,1,45e00800,0,0,1
648,648,0,1280053301,0,0,1,45e00800,0,0,1
649,649,0,1280053301,0,0,1,45e00800,0,0,1
650,650,0,1280053301,0,0,1,45e00800,0,0,1
651,651,0,1280053301,0,0,1,45e00800,0,0,1
652,652,0,1280053301,0,0,1,45e00800,0,0,1
653,653,0,1280053301,0,0,1,45e00800,0,0,1
654,654,0,1280053301,0,0,1,45e00800,0,0,1
655,655,0,1280053301,0,0,1,45e00800,0,0,1
656,656,0,1280053301,0,0,1,45e00800,0,0,1
657,657,0,1280053301,0,0,1,45e00800,0,0,1
658,658,0,1280053301,0,0,1,45e00800,0,0,1
659,659,0,1280053301,0,0,1,45e00800,0,0,1
660,660,0,1280053301,0,0,1,45e00800,0,0,1
661,661,0,1280053301,0,0,1,45e00800,0,0,1
662,662,0,1280053301,0,0,1,45e00800,0,0,1
663,663,0,1280053301,0,0,1,45e00800,0,0,1
664,664,0,1280053301,0,0,1,45e00800,0,0,1
665,665,0,1280053301,0,0,1,45e00800,0,0,1
666,666,0,1280053301,0,0,1,45e00800,0,0,1
667,667,0,1280053301,0,0,1,45e00800,0,0,1
668,668,0,1280053301,0,0,1,45e00800,0,0,1
669,669,0,1280053301,0,0,1,45e00800,0,0,1
670,670,0,1280053301,0,0,1,45e00800,0,0,1
671,671,0,1280053301,0,0,1,45e00800,0,0,1
672,672,0,1280053301,0,0,1,45e00800,0,0,1
673,673,0,1280053301,0,0,1,45e00800,0,0,1
674,674,0,1280053301,0,0,1,45e00800,0,0,1
675,675,0,1280053301,0,0,1,45e00800,0,0,1
676,676,0,1280053301,0,0,1,45e00800,0,0,1
677,677,0,1280053301,0,0,1,45e00800,0,0,1
678,678,0,1280053301,0,0,1,45e00800,0,0,1
679,679,0,1280053301,0,0,1,45e00800,0,0,1
680,680,0,1280053301,0,0,1,45e00800,0,0,1
681,681,0,1280053301,0,0,1,45e00800,0,0,1
682,682,0,1280053301,0,0,1,45e00800,0,0,1
683,683,0,1280053301,0,0,1,45e00800,0,0,1
684,684,0,1280053301,0,0,1,45e00800,0,0,1
685,685,0,1280053301,0,0,1,45e00800,0,0,1
686,686,0,1280053301,0,0,1,45e00800,0,0,1
687,687,0,1280053301,0,0,1,45e00800,0,0,1
688,688,0,1280053301,0,0,1,45e00800,0,0,1
689,689,0,1280053301,0,0,1,45e00800,0,0,1
690,690,0,1280053301,0,0,1,45e00800,0,0,1
691,691,0,1280053301,0,0,1,45e00800,0,0,1
692,692,0,1280053301,0,0,1,45e00800,0,0,1
693,693,0,1280053301,0,0,1,45e00800,0,0,1
694,694,0,1280053301,0,0,1,45e00800,0,0,1
695,695,0,1280053301,0,0,1,45e00800,0,0,1
696,696,0,1280053301,0,0,1,45e00800,0,0,1
697,697,0,1280053301,0,0,1,45e00800,0,0,1
698,698,0,1280053301,0,0,1,45e00800,0,0,1
699,699,0,1280053301,0,0,1,45e00800,0,0,1
700,700,0,1280053301,0,0,1,45e00800,0,0,1
701,701,0,1280053301,0,0,1,45e00800,0,0,1
702,702,0,1280053301,0,0,1,45e00800,0,0,1
703,703,0,1280053301,0,0,1,45e00800,0,0,1
704,704,0,1280053301,0,0,1,45e00800,0,0,1
705,705,0,1280053301,0,0,1,45e00800,0,0,1
706,706,0,1280053301,0,0,1,45e00800,0,0,1
707,707,0,1280053301,0,0,1,45e00800,0,0,1
708,708,0,1280053301,0,0,1,45e00800,0,0,1
709,709,0,1280053301,0,0,1,45e00800,0,0,1
710,710,0,1280053301,0,0,1,45e00800,0,0,1
711,711,0,1280053301,0,0,1,45e00800,0,0,1
712,712,0,1280053301,0,0,1,45e00800,0,0,1
713,713,0,1280053301,0,0,1,45e00800,0,0,1
714,714,0,1280053301,0,0,1,45e00800,0,0,1
715,715,0,1280053301,0,0,1,45e00800,0,0,1
716,716,0,1280053301,0,0,1,45e00800,0,0,1
717,717,0,1280053301,0,0,1,45e00800,0,0,1
718,718,0,1280053301,0,0,1,45e00800,0,0,1
719,719,0,1280053301,0,0,1,45e00800,0,0,1
720,720,0,1280053301,0,0,1,45e00800,0,0,1
721,721,0,1280053301,0,0,1,45e00800,0,0,1
722,722,0,1280053301,0,0,1,45e00800,0,0,1
723,723,0,1280053301,0,0,1,45e00800,0,0,1
724,724,0,1280053301,0,0,1,45e00800,0,0,1
725,725,0,1280053301,0,0,1,45e00800,0,0,1
726,726,0,1280053301,0,0,1,45e00800,0,0,1
727,727,0,1280053301,0,0,1,45e00800,0,0,1
728,728,0,1280053301,0,0,1,45e00800,0,0,1
729,729,0,1280053301,0,0,1,45e00800,0,0,1
730,730,0,1280053301,0,0,1,45e00800,0,0,1
731,731,0,1280053301,0,0,1,45e00800,0,0,1
732,732,0,1280053301,0,0,1,45e00800,0,0,1
733,733,0,1280053301,0,0,1,45e00800,0,0,1
734,734,0,1280053301,0,0,1,45e00800,0,0,1
735,735,0,1280053301,0,0,1,45e00800,0,0,1
736,736,0,1280053301,0,0,1,45e00800,0,0,1
737,737,0,1280053301,0,0,1,45e00800,0,0,1
738,738,0,1280053301,0,0,1,45e00800,0,0,1
739,739,0,1280053301,0,0,1,45e00800,0,0,1
740,740,0,1280053301,0,0,1,45e00800,0,0,1
741,741,0,1280053301,0,0,1,45e00800,0,0,1
742,742,0,1280053301,0,0,1,45e00800,0,0,1
743,743,0,1280053301,0,0,1,45e00800,0,0,1
744,744,0,1280053301,0,0,1,45e00800,0,0,1
745,745,0,1280053301,0,0,1,45e00800,0,0,1
746,746,0,1280053301,0,0,1,45e00800,0,0,1
747,747,0,1280053301,0,0,1,45e00800,0,0,1
748,748,0,1280053301,0,0,1,45e00800,0,0,1
749,749,0,1280053301,0,0,1,45e00800,0,0,1
750,750,0,1280053301,0,0,1,45e00800,0,0,1
751,751,0,1280053301,0,0,1,45e00800,0,0,1
752,752,0,1280053301,0,0,1,45e00800,0,0,1
753,753,0,1280053301,0,0,1,45e00800,0,0,1
754,754,0,1280053301,0,0,1,45e00800,0,0,1
755,755,0,1280053301,0,0,1,45e00800,0,0,1
756,756,0,1280053301,0,0,1,45e00800,0,0,1
757,757,0,1280053301,0,0,1,45e00800,0,0,1
758,758,0,1280053301,0,0,1,45e00800,0,0,1
759,759,0,1280053301,0,0,1,45e00800,0,0,1
760,760,0,1280053301,0,0,1,45e00800,0,0,1
761,761,0,1280053301,0,0,1,45e00800,0,0,1
762,762,0,1280053301,0,0,1,45e00800,0,0,1
763,763,0,1280053301,0,0,1,45e00800,0,0,1
764,764,0,1280053301,0,0,1,45e00800,0,0,1
765,765,0,1280053301,0,0,1,45e00800,0,0,1
766,766,0,1280053301,0,0,1,45e00800,0,0,1
767,767,0,1280053301,0,0,1,45e00800,0,0,1
768,768,0,1280053301,0,0,1,45e00800,0,0,1
769,769,0,1280053301,0,0,1,45e00800,0,0,1
770,770,0,1280053301,0,0,1,45e00800,0,0,1
771,771,0,1280053301,0,0,1,45e00800,0,0,1
772,772,0,1280053301,0,0,1,45e00800,0,0,1
773,773,0,1280053301,0,0,1,45e00800,0,0,1
774,774,0,1280053301,0,0,1,45e00800,0,0,1
775,775,0,1280053301,0,0,1,45e00800,0,0,1
776,776,0,1280053301,0,0,1,45e00800,0,0,1
777,777,0,1280053301,0,0,1,45e00800,0,0,1
778,778,0,1280053301,0,0,1,45e00800,0,0,1
779,779,0,1280053301,0,0,1,45e00800,0,0,1
780,780,0,1280053301,0,0,1,45e00800,0,0,1
781,781,0,1280053301,0,0,1,45e00800,0,0,1
782,782,0,1280053301,0,0,1,45e00800,0,0,1
783,783,0,1280053301,0,0,1,45e00800,0,0,1
784,784,0,1280053301,0,0,1,45e00800,0,0,1
785,785,0,1280053301,0,0,1,45e00800,0,0,1
786,786,0,1280053301,0,0,1,45e00800,0,0,1
787,787,0,1280053301,0,0,1,45e00800,0,0,1
788,788,0,1280053301,0,0,1,45e00800,0,0,1
789,789,0,1280053301,0,0,1,45e00800,0,0,1
790,790,0,1280053301,0,0,1,45e00800,0,0,1
791,791,0,1280053301,0,0,1,45e00800,0,0,1
792,792,0,1280053301,0,0,1,45e00800,0,0,1
793,793,0,1280053301,0,0,1,45e00800,0,0,1
794,794,0,1280053301,0,0,1,45e00800,0,0,1
795,795,0,1280053301,0,0,1,45e00800,0,0,1
796,796,0,1280053301,0,0,1,45e00800,0,0,1
797,797,0,1280053301,0,0,1,45e00800,0,0,1
798,798,0,1280053301,0,0,1,45e00800,0,0,1
799,799,0,1280053301,0,0,1,45e00800,0,0,1
800,800,0,1280053301,0,0,1,45e00800,0,0,1
801,801,0,1280053301,0,0,1,45e00800,0,0,1
802,802,0,1280053301,0,0,1,45e00800,0,0,1
803,803,0,1280053301,0,0,1,45e00800,0,0,1
804,804,0,1280053301,0,0,1,45e00800,0,0,1
805,805,0,1280053301,0,0,1,45e00800,0,0,1
806,806,0,1280053301,0,0,1,45e00800,0,0,1
807,807,0,1280053301,0,0,1,45e00800,0,0,1
808,808,0,1280053301,0,0,1,45e00800,0,0,1
809,809,0,1280053301,0,0,1,45e00800,0,0,1
810,810,0,1280053301,0,0,1,45e00800,0,0,1
811,811,0,1280053301,0,0,1,45e00800,0,0,1
812,812,0,1280053301,0,0,1,45e00800,0,0,1
813,813,0,1280053301,0,0,1,45e00800,0,0,1
814,814,0,1280053301,0,0,1,45e00800,0,0,1
815,815,0,1280053301,0,0,1,45e00800,0,0,1
816,816,0,1280053301,0,0,1,45e00800,0,0,1
817,817,0,1280053301,0,0,1,45e00800,0,0,1
818,818,0,1280053301,0,0,1,45e00800,0,0,1
819,819,0,1280053301,0,0,1,45e00800,0,0,1
820,820,0,1280053301,0,0,1,45e00800,0,0,1
821,821,0,1280053301,0,0,1,45e00800,0,0,1
822,822,0,1280053301,0,0,1,45e00800,0,0,1
823,823,0,1280053301,0,0,1,45e00800,0,0,1
824,824,0,1280053301,0,0,1,45e00800,0,0,1
825,825,0,1280053301,0,0,1,45e00800,0,0,1
826,826,0,1280053301,0,0,1,45e00800,0,0,1
827,827,0,1280053301,0,0,1,45e00800,0,0,1
828,828,0,1280053301,0,0,1,45e00800,0,0,1
829,829,0,1280053301,0,0,1,45e00800,0,0,1
830,830,0,1280053301,0,0,1,45e00800,0,0,1
831,831,0,1280053301,0,0,1,45e00800,0,0,1
832,832,0,1280053301,0,0,1,45e00800,0,0,1
833,833,0,1280053301,0,0,1,45e00800,0,0,1
834,834,0,1280053301,0,0,1,45e00800,0,0,1
835,835,0,1280053301,0,0,1,45e00800,0,0,1
836,836,0,1280053301,0,0,1,45e00800,0,0,1
837,837,0,1280053301,0,0,1,45e00800,0,0,1
838,838,0,1280053301,0,0,1,45e00800,0,0,1
839,839,0,1280053301,0,0,1,45e00800,0,0,1
840,840,0,1280053301,0,0,1,45e00800,0,0,1
841,841,0,1280053301,0,0,1,45e00800,0,0,1
842,842,0,1280053301,0,0,1,45e00800,0,0,1
843,843,0,1280053301,0,0,1,45e00800,0,0,1
844,844,0,1280053301,0,0,1,45e00800,0,0,1
845,845,0,1280053301,0,0,1,45e00800,0,0,1
846,846,0,1280053301,0,0,1,45e00800,0,0,1
847,847,0,1280053301,0,0,1,45e00800,0,0,1
848,848,0,1280053301,0,0,1,45e00800,0,0,1
849,849,0,1280053301,0,0,1,45e00800,0,0,1
850,850,0,1280053301,0,0,1,45e00800,0,0,1
851,851,0,1280053301,0,0,1,45e00800,0,0,1
852,852,0,1280053301,0,0,1,45e00800,0,0,1
853,853,0,1280053301,0,0,1,45e00800,0,0,1
854,854,0,1280053301,0,0,1,45e00800,0,0,1
855,855,0,1280053301,0,0,1,45e00800,0,0,1
856,856,0,1280053301,0,0,1,45e00800,0,0,1
857,857,0,1280053301,0,0,1,45e00800,0,0,1
858,858,0,1280053301,0,0,1,45e00800,0,0,1
859,859,0,1280053301,0,0,1,45e00800,0,0,1
860,860,0,1280053301,0,0,1,45e00800,0,0,1
861,861,0,1280053301,0,0,1,45e00800,0,0,1
862,862,0,1280053301,0,0,1,45e00800,0,0,1
863,863,0,1280053301,0,0,1,45e00800,0,0,1
864,864,0,1280053301,0,0,1,45e00800,0,0,1
865,865,0,1280053301,0,0,1,45e00800,0,0,1
866,866,0,1280053301,0,0,1,45e00800,0,0,1
867,867,0,1280053301,0,0,1,45e00800,0,0,1
868,868,0,1280053301,0,0,1,45e00800,0,0,1
869,869,0,1280053301,0,0,1,45e00800,0,0,1
870,870,0,1280053301,0,0,1,45e00800,0,0,1
871,871,0,1280053301,0,0,1,45e00800,0,0,1
872,872,0,1280053301,0,0,1,45e00800,0,0,1
873,873,0,1280053301,0,0,1,45e00800,0,0,1
874,874,0,1280053301,0,0,1,45e00800,0,0,1
875,875,0,1280053301,0,0,1,45e00800,0,0,1
876,876,0,1280053301,0,0,1,45e00800,0,0,1
877,877,0,1280053301,0,0,1,45e00800,0,0,1
878,878,0,1280053301,0,0,1,45e00800,0,0,1
879,879,0,1280053301,0,0,1,45e00800,0,0,1
880,880,0,1280053301,0,0,1,45e00800,0,0,1
881,881,0,1280053301,0,0,1,45e00800,0,0,1
882,882,0,1280053301,0,0,1,45e00800,0,0,1
883,883,0,1280053301,0,0,1,45e00800,0,0,1
884,884,0,1280053301,0,0,1,45e00800,0,0,1
885,885,0,1280053301,0,0,1,45e00800,0,0,1
886,886,0,1280053301,0,0,1,45e00800,0,0,1
887,887,0,1280053301,0,0,1,45e00800,0,0,1
888,888,0,1280053301,0,0,1,45e00800,0,0,1
889,889,0,1280053301,0,0,1,45e00800,0,0,1
890,890,0,1280053301,0,0,1,45e00800,0,0,1
891,891,0,1280053301,0,0,1,45e00800,0,0,1
892,892,0,1280053301,0,0,1,45e00800,0,0,1
893,893,0,1280053301,0,0,1,45e00800,0,0,1
894,894,0,1280053301,0,0,1,45e00800,0,0,1
895,895,0,1280053301,0,0,1,45e00800,0,0,1
896,896,0,1280053301,0,0,1,45e00800,0,0,1
897,897,0,1280053301,0,0,1,45e00800,0,0,1
898,898,0,1280053301,0,0,1,45e00800,0,0,1
899,899,0,1280053301,0,0,1,45e00800,0,0,1
900,900,0,1280053301,0,0,1,45e00800,0,0,1
901,901,0,1280053301,0,0,1,45e00800,0,0,1
902,902,0,1280053301,0,0,1,45e00800,0,0,1
903,903,0,1280053301,0,0,1,45e00800,0,0,1
904,904,0,1280053301,0,0,1,45e00800,0,0,1
905,905,0,1280053301,0,0,1,45e00800,0,0,1
906,906,0,1280053301,0,0,1,45e00800,0,0,1
907,907,0,1280053301,0,0,1,45e00800,0,0,1
908,908,0,1280053301,0,0,1,45e00800,0,0,1
909,909,0,1280053301,0,0,1,45e00800,0,0,1
910,910,0,1280053301,0,0,1,45e00800,0,0,1
911,911,0,1280053301,0,0,1,45e00800,0,0,1
912,912,0,1280053301,0,0,1,45e00800,0,0,1
913,913,0,1280053301,0,0,1,45e00800,0,0,1
914,914,0,1280053301,0,0,1,45e00800,0,0,1
915,915,0,1280053301,0,0,1,45e00800,0,0,1
916,916,0,1280053301,0,0,1,45e00800,0,0,1
917,917,0,1280053301,0,0,1,45e00800,0,0,1
918,918,0,1280053301,0,0,1,45e00800,0,0,1
919,919,0,1280053301,0,0,1,45e00800,0,0,1
920,920,0,1280053301,0,0,1,45e00800,0,0,1
921,921,0,1280053301,0,0,1,45e00800,0,0,1
922,922,0,1280053301,0,0,1,45e00800,0,0,1
923,923,0,1280053301,0,0,1,45e00800,0,0,1
924,924,0,1280053301,0,0,1,45e00800,0,0,1
925,925,0,1280053301,0,0,1,45e00800,0,0,1
926,926,0,1280053301,0,0,1,45e00800,0,0,1
927,927,0,1280053301,0,0,1,45e00800,0,0,1
928,928,0,1280053301,0,0,1,45e00800,0,0,1
929,929,0,1280053301,0,0,1,45e00800,0,0,1
930,930,0,1280053301,0,0,1,45e00800,0,0,1
931,931,0,1280053301,0,0,1,45e00800,0,0,1
932,932,0,1280053301,0,0,1,45e00800,0,0,1
933,933,0,1280053301,0,0,1,45e00800,0,0,1
934,934,0,1280053301,0,0,1,45e00800,0,0,1
935,935,0,1280053301,0,0,1,45e00800,0,0,1
936,936,0,1280053301,0,0,1,45e00800,0,0,1
937,937,0,1280053301,0,0,1,45e00800,0,0,1
938,938,0,1280053301,0,0,1,45e00800,0,0,1
939,939,0,1280053301,0,0,1,45e00800,0,0,1
940,940,0,1280053301,0,0,1,45e00800,0,0,1
941,941,0,1280053301,0,0,1,45e00800,0,0,1
942,942,0,1280053301,0,0,1,45e00800,0,0,1
943,943,0,1280053301,0,0,1,45e00800,0,0,1
944,944,0,1280053301,0,0,1,45e00800,0,0,1
945,945,0,1280053301,0,0,1,45e00800,0,0,1
946,946,0,1280053301,0,0,1,45e00800,0,0,1
947,947,0,1280053301,0,0,1,45e00800,0,0,1
948,948,0,1280053301,0,0,1,45e00800,0,0,1
949,949,0,1280053301,0,0,1,45e00800,0,0,1
950,950,0,1280053301,0,0,1,45e00800,0,0,1
951,951,0,1280053301,0,0,1,45e00800,0,0,1
952,952,0,1280053301,0,0,1,45e00800,0,0,1
953,953,0,1280053301,0,0,1,45e00800,0,0,1
954,954,0,1280053301,0,0,1,45e00800,0,0,1
955,955,0,1280053301,0,0,1,45e00800,0,0,1
956,956,0,1280053301,0,0,1,45e00800,0,0,1
957,957,0,1280053301,0,0,1,45e00800,0,0,1
958,958,0,1280053301,0,0,1,45e00800,0,0,1
959,959,0,1280053301,0,0,1,45e00800,0,0,1
960,960,0,1280053301,0,0,1,45e00800,0,0,1
961,961,0,1280053301,0,0,1,45e00800,0,0,1
962,962,0,1280053301,0,0,1,45e00800,0,0,1
963,963,0,1280053301,0,0,1,45e00800,0,0,1
964,964,0,1280053301,0,0,1,45e00800,0,0,1
965,965,0,1280053301,0,0,1,45e00800,0,0,1
966,966,0,1280053301,0,0,1,45e00800,0,0,1
967,967,0,1280053301,0,0,1,45e00800,0,0,1
968,968,0,1280053301,0,0,1,45e00800,0,0,1
969,969,0,1280053301,0,0,1,45e00800,0,0,1
970,970,0,1280053301,0,0,1,45e00800,0,0,1
971,971,0,1280053301,0,0,1,45e00800,0,0,1
972,972,0,1280053301,0,0,1,45e00800,0,0,1
973,973,0,1280053301,0,0,1,45e00800,0,0,1
974,974,0,1280053301,0,0,1,45e00800,0,0,1
975,975,0,1280053301,0,0,1,45e00800,0,0,1
976,976,0,1280053301,0,0,1,45e00800,0,0,1
977,977,0,1280053301,0,0,1,45e00800,0,0,1
978,978,0,1280053301,0,0,1,45e00800,0,0,1
979,979,0,1280053301,0,0,1,45e00800,0,0,1
980,980,0,1280053301,0,0,1,45e00800,0,0,1
981,981,0,1280053301,0,0,1,45e00800,0,0,1
982,982,0,1280053301,0,0,1,45e00800,0,0,1
983,983,0,1280053301,0,0,1,45e00800,0,0,1
984,984,0,1280053301,0,0,1,45e00800,0,0,1
985,985,0,1280053301,0,0,1,45e00800,0,0,1
986,986,0,1280053301,0,0,1,45e00800,0,0,1
987,987,0,1280053301,0,0,1,45e00800,0,0,1
988,988,0,1280053301,0,0,1,45e00800,0,0,1
989,989,0,1280053301,0,0,1,45e00800,0,0,1
990,990,0,1280053301,0,0,1,45e00800,0,0,1
991,991,0,1280053301,0,0,1,45e00800,0,0,1
992,992,0,1280053301,0,0,1,45e00800,0,0,1
993,993,0,1280053301,0,0,1,45e00800,0,0,1
994,994,0,1280053301,0,0,1,45e00800,0,0,1
995,995,0,1280053301,0,0,1,45e00800,0,0,1
996,996,0,1280053301,0,0,1,45e00800,0,0,1
997,997,0,1280053301,0,0,1,45e00800,0,0,1
998,998,0,1280053301,0,0,1,45e00800,0,0,1
999,999,0,1280053301,0,0,1,45e00800,0,0,1
1000,1000,0,1280053301,0,0,1,45e00800,0,0,1
1001,1001,0,1280053301,0,0,1,45e00800,0,0,1
1002,1002,0,1280053301,0,0,1,45e00800,0,0,1
1003,1003,0,1280053301,0,0,1,45e00800,0,0,1
1004,1004,0,1280053301,0,0,1,45e00800,0,0,1
1005,1005,0,1280053301,0,0,1,45e00800,0,0,1
1006,1006,0,1280053301,0,0,1,45e00800,0,0,1
1007,1007,0,1280053301,0,0,1,45e00800,0,0,1
1008,1008,0,1280053301,0,0,1,45e00800,0,0,1
1009,1009,0,1280053301,0,0,1,45e00800,0,0,1
1010,1010,0,1280053301,0,0,1,45e00800,0,0,1
1011,1011,0,1280053301,0,0,1,45e00800,0,0,1
1012,1012,0,1280053301,0,0,1,45e00800,0,0,1
1013,1013,0,1280053301,0,0,1,45e00800,0,0,1
1014,1014,0,1280053301,0,0,1,45e00800,0,0,1
1015,1015,0,1280053301,0,0,1,45e00800,0,0,1
1016,1016,0,1280053301,0,0,1,45e00800,0,0,1
1017,1017,0,1280053301,0,1,1,45e00800,0,0,1
1018,1018,0,1299193068,0,1,1,45e00800,0,0,1
1019,1019,0,0,0,1,0,45e00800,0,0,1
1020,1020,0,0,0,1,0,45e00800,0,0,1
1021,1021,0,0,0,1,0,45e00800,0,0,1
1022,1022,0,0,0,1,0,45e00800,0,0,1
1023,1023,0,0,0,1,0,45e00800,0,0,1
1024,1024,1,1297914746,0,1,1,45e00800,0,0,1
1025,1025,0,0,0,1,0,45e00800,0,1,1
1026,1026,0,0,0,1,0,45f15800,0,1,1
1027,1027,0,0,0,1,0,4602b400,0,1,1
1028,1028,0,1306348514,0,1,1,460bc400,0,1,1
1029,1029,0,1295473117,0,1,1,46246400,0,1,1
1030,1030,0,1279464290,0,1,1,46297800,0,1,1
1031,1031,0,0,0,1,0,4629e800,0,1,1
1032,1032,0,0,0,1,0,4625dc00,0,1,1
1033,1033,0,0,0,1,0,460f9c00,0,1,1
1034,1034,0,0,0,1,0,46063800,0,1,1
1035,1035,0,0,0,1,0,45f82800,0,1,1
1036,1036,0,1288395795,0,1,1,45e49000,0,1,1
1037,1037,0,0,0,1,0,45b83000,0,1,1
1038,1038,0,1294517014,0,1,1,45af5800,0,1,1
1039,1039,0,1295328781,0,1,1,45af1000,0,1,1
1040,1040,0,1297805382,0,1,1,45b9a000,0,1,1
1041,1041,0,1285852935,0,1,1,45e71800,0,1,1
1042,1042,0,1288973795,0,1,1,45fb6800,0,1,1
1043,1043,0,1295576873,0,1,1,46071c00,0,1,1
1044,1044,0,1301792341,0,1,1,46203c00,0,1,1
1045,1045,0,1302555118,0,1,1,4627a000,0,1,1
1046,1046,0,1281828125,0,1,1,46297c00,0,1,1
1047,1047,0,1271984025,0,1,1,46281c00,0,1,1
1048,1048,0,1294465658,0,1,1,4623b800,0,1,1
1049,1049,0,1292513264,0,1,1,460b0400,0,1,1
1050,1050,0,1291762797,0,1,1,46015c00,0,1,1
1051,1051,0,1288013738,0,1,1,45f08800,0,1,1
1052,1052,0,1277029237,0,1,1,45bd4000,0,1,1
1053,1053,0,1294817235,0,1,1,45b0a800,0,1,1
1054,1054,0,1270507591,0,1,1,45b0a000,0,1,1
1055,1055,0,1290463768,0,1,1,45b2a000,0,1,1
1056,1056,0,1294347647,0,1,1,45bec800,0,1,1
1057,1057,0,1286653897,0,1,1,45ef8800,0,1,1
1058,1058,0,1301382751,0,1,1,46028000,0,1,1
1059,1059,0,1276328493,0,1,1,460ac000,0,1,1
1060,1060,0,1296280551,0,1,1,46237000,0,1,1
1061,1061,0,1303406792,0,1,1,46299400,0,1,1
1062,1062,0,1303326577,0,1,1,46297400,0,1,1
1063,1063,0,1310051394,0,1,1,46263c00,0,1,1
1064,1064,0,1282181924,0,1,1,46201c00,0,1,1
1065,1065,0,1278792517,0,1,1,4605b800,0,1,1
1066,1066,0,1296275533,0,1,1,45f99000,0,1,1
1067,1067,0,1286140363,0,1,1,45e79800,0,1,1
1068,1068,0,1297168534,0,1,1,45b98800,0,1,1
1069,1069,0,1303471271,0,1,1,45ad6800,0,1,1
1070,1070,0,1289074198,0,1,1,45ae5000,0,1,1
1071,1071,0,1298149644,0,1,1,45b79000,0,1,1
1072,1072,0,1272700166,0,1,1,45e58000,0,1,1
1073,1073,0,1309682757,0,1,1,45f7f800,0,1,1
1074,1074,0,1316548383,0,1,1,46062000,0,1,1
1075,1075,0,1306980262,0,1,1,460f3c00,0,1,1
1076,1076,0,1288946864,0,1,1,4625d000,0,1,1
1077,1077,0,1287751375,0,1,1,4629b800,0,1,1
1078,1078,0,1314880961,0,1,1,4628b000,0,1,1
1079,1079,0,1322217679,0,1,1,46230c00,0,1,1
1080,1080,0,1312764776,0,1,1,460bac00,0,1,1
1081,1081,0,1310605755,0,1,1,4601d000,0,1,1
1082,1082,0,1311281024,0,1,1,45efe800,0,1,1
1083,1083,0,1318020166,0,1,1,45bfd000,0,1,1
1084,1084,0,1326424963,0,1,1,45b42000,0,1,1
1085,1085,0,1316507583,0,1,1,45ae1800,0,1,1
1086,1086,0,1337152839,0,1,1,45b21000,0,1,1
1087,1087,0,1339410313,0,1,1,45bd3000,0,1,1
1088,1088,0,1322453208,0,1,1,45ee0000,0,1,1
1089,1089,0,1340977328,0,1,1,46001400,0,1,1
1090,1090,0,1350764889,0,1,1,460aa400,0,1,1
1091,1091,0,1370428019,0,1,1,4622ac00,0,1,1
1092,1092,0,1387136676,0,1,1,46279c00,0,1,1
1093,1093,0,1399936311,0,1,1,4629dc00,0,1,1
1094,1094,0,1372361693,0,1,1,4626fc00,0,1,1
1095,1095,0,1359637336,0,1,1,46201400,0,1,1
1096,1096,0,1353348422,0,1,1,4608b000,0,1,1
1097,1097,0,1346768362,0,1,1,45fb4000,0,1,1
1098,1098,0,1327417423,0,1,1,45ea1000,0,1,1
1099,1099,0,1332939001,0,1,1,45b99800,0,1,1
1100,1100,0,1328798829,0,1,1,45aef000,0,1,1
1101,1101,0,1323194862,0,1,1,45ade000,0,1,1
1102,1102,0,1327681406,0,1,1,45b65800,0,1,1
1103,1103,0,1321972854,0,1,1,45e2b000,0,1,1
1104,1104,0,1320588904,0,1,1,45f9b000,0,1,1
1105,1105,0,1307819950,0,1,1,4602b400,0,1,1
1106,1106,0,1309242107,0,1,1,4620ac00,0,1,1
1107,1107,0,1322369846,0,1,1,4624a400,0,1,1
1108,1108,0,1317060105,0,1,1,46292000,0,1,1
1109,1109,0,1313142768,0,1,1,46293000,0,1,1
1110,1110,0,1302008049,0,1,1,46265800,0,1,1
1111,1111,0,1302948336,0,1,1,460b8800,0,1,1
1112,1112,0,1317381421,0,1,1,46038c00,0,1,1
1113,1113,0,1309290781,0,1,1,45f31000,0,1,1
1114,1114,0,1308487454,0,1,1,45e08000,0,1,1
1115,1115,0,1308624116,0,1,1,45b5f000,0,1,1
1116,1116,0,1293658475,0,1,1,45ae5800,0,1,1
1117,1117,0,1309440305,0,1,1,45ad2800,0,1,1
1118,1118,0,1303217956,0,1,1,45bf2000,0,1,1
1119,1119,0,1305223434,0,1,1,45e7c800,0,1,1
1120,1120,0,1301750702,0,1,1,46022800,0,1,1
1121,1121,0,1302987156,0,1,1,46097800,0,1,1
1122,1122,0,1310987016,0,1,1,46217400,0,1,1
1123,1123,0,1308852946,0,1,1,46278000,0,1,1
1124,1124,0,1300447188,0,1,1,4628a000,0,1,1
1125,1125,0,1303435503,0,1,1,4627b400,0,1,1
1126,1126,0,1283540309,0,1,1,46216c00,0,1,1
1127,1127,0,1296146173,0,1,1,4608d800,0,1,1
1128,1128,0,1300348847,0,1,1,45fbc800,0,1,1
1129,1129,0,1300571190,0,1,1,45ea9000,0,1,1
1130,1130,0,1306020738,0,1,1,45ba4000,0,1,1
1131,1131,0,1286633820,0,1,1,45af3000,0,1,1
1132,1132,0,1288675451,0,1,1,45afd000,0,1,1
1133,1133,0,1291678031,0,1,1,45b5c000,0,1,1
1134,1134,0,1291363462,0,1,1,45e07000,0,1,1
1135,1135,0,1289190566,0,1,1,45f36000,0,1,1
1136,1136,0,1297477193,0,1,1,46040400,0,1,1
1137,1137,0,1297585097,0,1,1,460cf400,0,1,1
1138,1138,0,1293549941,0,1,1,46252c00,0,1,1
1139,1139,0,1289645696,0,1,1,46292400,0,1,1
1140,1140,0,1288805290,0,1,1,46286c00,0,1,1
1141,1141,0,1292965689,0,1,1,4624c400,0,1,1
1142,1142,0,1293707545,0,1,1,460e3400,0,1,1
1143,1143,0,1284522703,0,1,1,46046c00,0,1,1
1144,1144,0,1270509825,0,1,1,45f54000,0,1,1
1145,1145,0,1291097144,0,1,1,45e19000,0,1,1
1146,1146,0,1295364116,0,1,1,45b61000,0,1,1
1147,1147,0,1294484088,0,1,1,45ad4000,0,1,1
1148,1148,0,1287777642,0,1,1,45b1b000,0,1,1
1149,1149,0,1288724679,0,1,1,45b90800,0,1,1
1150,1150,0,1296524645,0,1,1,45e94800,0,1,1
1151,1151,0,1276024668,0,1,1,45fce000,0,1,1
1152,1152,0,1282144476,0,1,1,4608a800,0,1,1
1153,1153,0,1276252501,0,1,1,46217800,0,1,1
1154,1154,0,1276763584,0,1,1,4627b400,0,1,1
1155,1155,0,1275827682,0,1,1,46295000,0,1,1
1156,1156,0,1259339678,0,1,1,4627b800,0,1,1
1157,1157,0,1240129088,0,1,1,4621b000,0,1,1
1158,1158,0,1292595145,0,1,1,460a0000,0,1,1
1159,1159,0,1292003879,0,1,1,46003000,0,1,1
1160,1160,0,1274515124,0,1,1,45ec0000,0,1,1
1161,1161,0,1268619584,0,1,1,45bc3000,0,1,1
1162,1162,0,1277257057,0,1,1,45b17000,0,1,1
1163,1163,0,1290528682,0,1,1,45ae4800,0,1,1
1164,1164,0,1279795372,0,1,1,45b58000,0,1,1
1165,1165,0,1294158784,0,1,1,45bec000,0,1,1
1166,1166,0,1278795974,0,1,1,45f2b800,0,1,1
1167,1167,0,1279032509,0,1,1,4603e400,0,1,1
1168,1168,0,1287368856,0,1,1,460d3800,0,1,1
1169,1169,0,1276967737,0,1,1,4623d400,0,1,1
1170,1170,0,1277891626,0,1,1,4628e800,0,1,1
1171,1171,0,1277734448,0,1,1,46289400,0,1,1
1172,1172,0,1252173716,0,1,1,4625f000,0,1,1
1173,1173,0,1270605980,0,1,1,460ee800,0,1,1
1174,1174,0,1268282773,0,1,1,46060c00,0,1,1
1175,1175,0,1282469377,0,1,1,45f61000,0,1,1
1176,1176,0,1277148046,0,1,1,45e43000,0,1,1
1177,1177,0,1250329441,0,1,1,45b6f800,0,1,1
1178,1178,0,1278910862,0,1,1,45afd000,0,1,1
1179,1179,0,1279178326,0,1,1,45af3800,0,1,1
1180,1180,0,1255067468,0,1,1,45b9f800,0,1,1
1181,1181,0,1277298277,0,1,1,45e81800,0,1,1
1182,1182,0,1273439099,0,1,1,45f92000,0,1,1
1183,1183,0,1246037491,0,1,1,4607f400,0,1,1
1184,1184,0,1270864050,0,1,1,46209c00,0,1,1
1185,1185,0,1259980414,0,1,1,46273400,0,1,1
1186,1186,0,1274163935,0,1,1,4629a800,0,1,1
1187,1187,0,1285285690,0,1,1,46281800,0,1,1
1188,1188,0,1274997819,0,1,1,46227400,0,1,1
1189,1189,0,1276631448,0,1,1,460ab400,0,1,1
1190,1190,0,1252955597,0,1,1,4601ac00,0,1,1
1191,1191,0,1250686986,0,1,1,45ef2800,0,1,1
1192,1192,0,1261262727,0,1,1,45bbb800,0,1,1
1193,1193,0,1294409051,0,1,1,45b27000,0,1,1
1194,1194,0,1311467239,0,1,1,45af7000,0,1,1
1195,1195,0,1309161567,0,1,1,45b26000,0,1,1
1196,1196,0,1302347682,0,1,1,45bf9000,0,1,1
1197,1197,0,1291362983,0,1,1,45f03800,0,1,1
1198,1198,0,1291357398,0,1,1,4601ac00,0,1,1
1199,1199,0,1267425156,0,1,1,460b4400,0,1,1
1200,1200,0,1272806216,0,1,1,46245000,0,1,1
1201,1201,0,1293260975,0,1,1,4628c400,0,1,1
1202,1202,0,1267031886,0,1,1,4628d800,0,1,1
1203,1203,0,1251130412,0,1,1,4625d800,0,1,1
1204,1204,0,1275585718,0,1,1,46203400,0,1,1
1205,1205,0,1257066096,0,1,1,46066800,0,1,1
1206,1206,0,1277366864,0,1,1,45f75800,0,1,1
1207,1207,0,1275032831,0,1,1,45e73000,0,1,1
1208,1208,0,1284874650,0,1,1,45b8e000,0,1,1
1209,1209,0,1283683191,0,1,1,45aea000,0,1,1
1210,1210,0,1251805629,0,1,1,45afb800,0,1,1
1211,1211,0,1256831052,0,1,1,45b70000,0,1,1
1212,1212,0,1267059460,0,1,1,45e5d800,0,1,1
1213,1213,0,1274333136,0,1,1,45f7a000,0,1,1
1214,1214,0,1268766293,0,1,1,46075000,0,1,1
1215,1215,0,1212316360,0,1,1,460fa000,0,1,1
1216,1216,0,1271464722,0,1,1,46269400,0,1,1
1217,1217,0,1225152656,0,1,1,46296800,0,1,1
1218,1218,0,1270318836,0,1,1,4628b800,0,1,1
1219,1219,0,1277989524,0,1,1,4622b800,0,1,1
1220,1220,0,1267075266,0,1,1,460bf000,0,1,1
1221,1221,0,1291063282,0,1,1,46020c00,0,1,1
1222,1222,0,1305027041,0,1,1,45f06000,0,1,1
1223,1223,0,1319567763,0,1,1,45e15800,0,1,1
1224,1224,0,1340245561,0,1,1,45b10000,0,1,1
1225,1225,0,1330546497,0,1,1,45ad2000,0,1,1
1226,1226,0,1279913230,0,1,1,45b3a800,0,1,1
1227,1227,0,1305495682,0,1,1,45bde800,0,1,1
1228,1228,0,1297981351,0,1,1,45ee1000,0,1,1
1229,1229,0,1258277778,0,1,1,46009800,0,1,1
1230,1230,0,1291930551,0,1,1,460a3000,0,1,1
1231,1231,0,1271832777,0,1,1,4622e000,0,1,1
1232,1232,0,1288089727,0,1,1,4628dc00,0,1,1
1233,1233,0,1288557268,0,1,1,46297800,0,1,1
1234,1234,0,1287785861,0,1,1,4626a800,0,1,1
1235,1235,0,1290419108,0,1,1,460f7800,0,1,1
1236,1236,0,1261574837,0,1,1,46081000,0,1,1
1237,1237,0,1275231929,0,1,1,45f7f800,0,1,1
1238,1238,0,1286839659,0,1,1,45e89000,0,1,1
1239,1239,0,1285126288,0,1,1,45b93800,0,1,1
1240,1240,0,1275637107,0,1,1,45af9800,0,1,1
1241,1241,0,1254050176,0,1,1,45ad0000,0,1,1
1242,1242,0,1266715546,0,1,1,45b65800,0,1,1
1243,1243,0,1286153690,0,1,1,45e41000,0,1,1
1244,1244,0,1252146834,0,1,1,45f7c800,0,1,1
1245,1245,0,1282489736,0,1,1,4605ec00,0,1,1
1246,1246,0,1292538896,0,1,1,460d7c00,0,1,1
1247,1247,0,1249497537,0,1,1,46253800,0,1,1
1248,1248,0,1270880250,0,1,1,46298800,0,1,1
1249,1249,0,1270196080,0,1,1,46288c00,0,1,1
1250,1250,0,1280676591,0,1,1,46249800,0,1,1
1251,1251,0,1267401574,0,1,1,460cb000,0,1,1
1252,1252,0,1284932425,0,1,1,46033400,0,1,1
1253,1253,0,1287479076,0,1,1,45f1e000,0,1,1
1254,1254,0,1270415404,0,1,1,45e17800,0,1,1
1255,1255,0,1287526987,0,1,1,45b55000,0,1,1
1256,1256,0,1291987820,0,1,1,45acb000,0,1,1
1257,1257,0,1276221488,0,1,1,45b05800,0,1,1
1258,1258,0,1286258654,0,1,1,45bd8000,0,1,1
1259,1259,0,1292242929,0,1,1,45ecd800,0,1,1
1260,1260,0,1267817708,0,1,1,45fee800,0,1,1
1261,1261,0,1270776028,0,1,1,46099400,0,1,1
1262,1262,0,1277150548,0,1,1,46224400,0,1,1
1263,1263,0,1276611260,0,1,1,4627b000,0,1,1
1264,1264,0,1284226603,0,1,1,4629f800,0,1,1
1265,1265,0,1271834342,0,1,1,46279c00,0,1,1
1266,1266,0,1262750772,0,1,1,46208c00,0,1,1
1267,1267,0,1288466716,0,1,1,46084800,0,1,1
1268,1268,0,1285490202,0,1,1,45fdd000,0,1,1
1269,1269,0,1270221097,0,1,1,45eaa800,0,1,1
1270,1270,0,1272970975,0,1,1,45ba4000,0,1,1
1271,1271,0,1282825984,0,1,1,45b04800,0,1,1
1272,1272,0,1276558719,0,1,1,45af4800,0,1,1
1273,1273,0,1275936146,0,1,1,45b59000,0,1,1
1274,1274,0,1282194570,0,1,1,45e2c800,0,1,1
1275,1275,0,1266657354,0,1,1,45f5a000,0,1,1
1276,1276,0,1279352121,0,1,1,4604a000,0,1,1
1277,1277,0,1274848678,0,1,1,460cf800,0,1,1
1278,1278,0,1276828568,0,1,1,46253000,0,1,1
1279,1279,0,1282006008,0,1,1,4629d800,0,1,1
1280,1280,0,1280192244,0,1,1,46297000,0,1,1
1281,1281,0,1289765501,0,1,1,46244400,0,1,1
1282,1282,0,1271927657,0,1,1,460cf400,0,1,1
1283,1283,0,1280639058,0,1,1,46041400,0,1,1
1284,1284,0,1292649306,0,1,1,45f5e800,0,1,1
1285,1285,0,1285745448,0,1,1,45e38000,0,1,1
1286,1286,0,1279835225,0,1,1,45b45000,0,1,1
1287,1287,0,1268928280,0,1,1,45adb800,0,1,1
1288,1288,0,1288579018,0,1,1,45b10800,0,1,1
1289,1289,0,1295805441,0,1,1,45b95000,0,1,1
1290,1290,0,1257137816,0,1,1,45eb6800,0,1,1
1291,1291,0,1292357378,0,1,1,45fef800,0,1,1
1292,1292,0,1283901539,0,1,1,46088400,0,1,1
1293,1293,0,1231734397,0,1,1,46206c00,0,1,1
1294,1294,0,1269129517,0,1,1,46275c00,0,1,1
1295,1295,0,1275935989,0,1,1,4629c400,0,1,1
1296,1296,0,1290278964,0,1,1,4627ac00,0,1,1
1297,1297,0,1257937412,0,1,1,46212c00,0,1,1
1298,1298,0,1285211303,0,1,1,46097800,0,1,1
1299,1299,0,1280614805,0,1,1,45ff8800,0,1,1
1300,1300,0,1290640334,0,1,1,45eaf800,0,1,1
1301,1301,0,1283977461,0,1,1,45bb5000,0,1,1
1302,1302,0,1291904021,0,1,1,45b37000,0,1,1
1303,1303,0,1284352175,0,1,1,45ac0000,0,1,1
1304,1304,0,1280066518,0,1,1,45b3e000,0,1,1
1305,1305,0,1276617510,0,1,1,45e0c000,0,1,1
1306,1306,0,1271301949,0,1,1,45f35800,0,1,1
1307,1307,0,1284581088,0,1,1,46039400,0,1,1
1308,1308,0,1287975841,0,1,1,460c6400,0,1,1
1309,1309,0,1270969542,0,1,1,46244c00,0,1,1
1310,1310,0,1288959279,0,1,1,46299800,0,1,1
1311,1311,0,1280850775,0,1,1,46292400,0,1,1
1312,1312,0,1278093072,0,1,1,4625f800,0,1,1
1313,1313,0,1272596381,0,1,1,460ea000,0,1,1
1314,1314,0,1281105337,0,1,1,4604bc00,0,1,1
1315,1315,0,1272251680,0,1,1,45f40000,0,1,1
1316,1316,0,1282861484,0,1,1,45e5c000,0,1,1
1317,1317,0,1255558063,0,1,1,45bc2000,0,1,1
1318,1318,0,1273168717,0,1,1,45ab4000,0,1,1
1319,1319,0,1290462181,0,1,1,45b01000,0,1,1
1320,1320,0,1265334363,0,1,1,45b9d800,0,1,1
1321,1321,0,1276351965,0,1,1,45e6e000,0,1,1
1322,1322,0,1284792432,0,1,1,45fcf000,0,1,1
1323,1323,0,1276003780,0,1,1,4608ec00,0,1,1
1324,1324,0,1279042295,0,1,1,460fb400,0,1,1
1325,1325,0,1276756811,0,1,1,4626bc00,0,1,1
1326,1326,0,1287254344,0,1,1,462a6800,0,1,1
1327,1327,0,1244667282,0,1,1,46292000,0,1,1
1328,1328,0,1284140226,0,1,1,4621fc00,0,1,1
1329,1329,0,1283794642,0,1,1,460a1000,0,1,1
1330,1330,0,1287276778,0,1,1,46013000,0,1,1
1331,1331,0,1266794240,0,1,1,45ed2800,0,1,1
1332,1332,0,1285078873,0,1,1,45bc7000,0,1,1
1333,1333,0,1270055765,0,1,1,45b37000,0,1,1
1334,1334,0,1287670390,0,1,1,45adc000,0,1,1
1335,1335,0,1293524849,0,1,1,45b20800,0,1,1
1336,1336,0,1280710332,0,1,1,45e0e000,0,1,1
1337,1337,0,1262802072,0,1,1,45f01800,0,1,1
1338,1338,0,1279563686,0,1,1,4602ec00,0,1,1
1339,1339,0,1278190270,0,1,1,460c3000,0,1,1
1340,1340,0,1286446568,0,1,1,46234000,0,1,1
1341,1341,0,1275370900,0,1,1,4628ac00,0,1,1
1342,1342,0,1261160260,0,1,1,4629a000,0,1,1
1343,1343,0,1268876929,0,1,1,46260400,0,1,1
1344,1344,0,1260291507,0,1,1,460fbc00,0,1,1
1345,1345,0,1267604133,0,1,1,4605d000,0,1,1
1346,1346,0,1258477467,0,1,1,45f72000,0,1,1
1347,1347,0,1290550978,0,1,1,45e58000,0,1,1
1348,1348,0,1302415335,0,1,1,45b79000,0,1,1
1349,1349,0,1281503172,0,1,1,45af6800,0,1,1
1350,1350,0,1286066088,0,1,1,45af3800,0,1,1
1351,1351,0,1261709484,0,1,1,45b7e800,0,1,1
1352,1352,0,1291199576,0,1,1,45e70000,0,1,1
1353,1353,0,1313584702,0,1,1,45f91000,0,1,1
1354,1354,0,1326668109,0,1,1,46061400,0,1,1
1355,1355,0,1322679939,0,1,1,460fb000,0,1,1
1356,1356,0,1335532542,0,1,1,46270400,0,1,1
1357,1357,0,1311031098,0,1,1,46291400,0,1,1
1358,1358,0,1303754663,0,1,1,46285c00,0,1,1
1359,1359,0,1308041592,0,1,1,46236c00,0,1,1
1360,1360,0,1277452741,0,1,1,460a5400,0,1,1
1361,1361,0,1301623580,0,1,1,46024000,0,1,1
1362,1362,0,1295079348,0,1,1,45ef8000,0,1,1
1363,1363,0,1294810057,0,1,1,45beb000,0,1,1
1364,1364,0,1268861553,0,1,1,45b56000,0,1,1
1365,1365,0,1273623028,0,1,1,45ad3800,0,1,1
1366,1366,0,1294426466,0,1,1,45b03000,0,1,1
1367,1367,0,1293796772,0,1,1,45bd5800,0,1,1
1368,1368,0,1277980990,0,1,1,45edf800,0,1,1
1369,1369,0,1261253095,0,1,1,4601b400,0,1,1
1370,1370,0,1243950380,0,1,1,460be400,0,1,1
1371,1371,0,1265900461,0,1,1,46223000,0,1,1
1372,1372,0,1281881181,0,1,1,46283c00,0,1,1
1373,1373,0,1232618564,0,1,1,46297400,0,1,1
1374,1374,0,1253106006,0,1,1,46268400,0,1,1
1375,1375,0,1265986892,0,1,1,4620c400,0,1,1
1376,1376,0,1258702061,0,1,1,46076c00,0,1,1
1377,1377,0,1267449061,0,1,1,45f96000,0,1,1
1378,1378,0,1271937062,0,1,1,45e92000,0,1,1
1379,1379,0,1261520708,0,1,1,45b94000,0,1,1
1380,1380,0,1273816775,0,1,1,45af6800,0,1,1
1381,1381,0,1268570788,0,1,1,45afc000,0,1,1
1382,1382,0,1243641366,0,1,1,45b67800,0,1,1
1383,1383,0,1274840942,0,1,1,45e46000,0,1,1
1384,1384,0,1276239951,0,1,1,45f8a800,0,1,1
1385,1385,0,1278874506,0,1,1,46063800,0,1,1
1386,1386,0,1285413298,0,1,1,460f5000,0,1,1
1387,1387,0,1287314573,0,1,1,4625cc00,0,1,1
1388,1388,0,1285146772,0,1,1,46292000,0,1,1
1389,1389,0,1234589756,0,1,1,46282800,0,1,1
1390,1390,0,1258949663,0,1,1,46244c00,0,1,1
1391,1391,0,1277877282,0,1,1,460cb400,0,1,1
1392,1392,0,1258905953,0,1,1,46032c00,0,1,1
1393,1393,0,1285048724,0,1,1,45f0e000,0,1,1
1394,1394,0,1277200086,0,1,1,45e12800,0,1,1
1395,1395,0,1283423724,0,1,1,45b47800,0,1,1
1396,1396,0,1279055792,0,1,1,45ad2000,0,1,1
1397,1397,0,1279164922,0,1,1,45b2d000,0,1,1
1398,1398,0,1277504309,0,1,1,45bd1000,0,1,1
1399,1399,0,1260079190,0,1,1,45eae000,0,1,1
1400,1400,0,1278322561,0,1,1,46006c00,0,1,1
1401,1401,0,1278235995,0,1,1,460aa000,0,1,1
1402,1402,0,1278518189,0,1,1,46221400,0,1,1
1403,1403,0,1256975017,0,1,1,46275c00,0,1,1
1404,1404,0,1258950832,0,1,1,46291800,0,1,1
1405,1405,0,1283710476,0,1,1,4627c400,0,1,1
1406,1406,0,1268923016,0,1,1,4620a000,0,1,1
1407,1407,0,1247704680,0,1,1,46083400,0,1,1
1408,1408,0,1279004897,0,1,1,45fcf000,0,1,1
1409,1409,0,1266448516,0,1,1,45ea5800,0,1,1
1410,1410,0,1286401495,0,1,1,45b9b800,0,1,1
1411,1411,0,1272308188,0,1,1,45afd000,0,1,1
1412,1412,0,1269570337,0,1,1,45ae7000,0,1,1
1413,1413,0,1286718781,0,1,1,45b42000,0,1,1
1414,1414,0,1260888974,0,1,1,45e3b000,0,1,1
1415,1415,0,1259161498,0,1,1,45f58000,0,1,1
1416,1416,0,1234584156,0,1,1,46041c00,0,1,1
1417,1417,0,1240376829,0,1,1,460da800,0,1,1
1418,1418,0,1284096996,0,1,1,46257400,0,1,1
1419,1419,0,1284867167,0,1,1,46285800,0,1,1
1420,1420,0,1284021821,0,1,1,46290400,0,1,1
1421,1421,0,1267946742,0,1,1,46248400,0,1,1
1422,1422,0,1263814565,0,1,1,460da800,0,1,1
1423,1423,0,1267075899,0,1,1,46041400,0,1,1
1424,1424,0,1264268152,0,1,1,45f2f000,0,1,1
1425,1425,0,1264311742,0,1,1,45e02000,0,1,1
1426,1426,0,1280502966,0,1,1,45b51000,0,1,1
1427,1427,0,1248941373,0,1,1,45adb800,0,1,1
1428,1428,0,1290357092,0,1,1,45b2e800,0,1,1
1429,1429,0,1241824544,0,1,1,45ba8800,0,1,1
1430,1430,0,1268067604,0,1,1,45e8b800,0,1,1
1431,1431,0,1271103585,0,1,1,45fdf000,0,1,1
1432,1432,0,1273156803,0,1,1,46097000,0,1,1
1433,1433,0,1254143998,0,1,1,4621a800,0,1,1
1434,1434,0,1277556478,0,1,1,46273000,0,1,1
1435,1435,0,1243113010,0,1,1,46294c00,0,1,1
1436,1436,0,1276370285,0,1,1,4627a000,0,1,1
1437,1437,0,1247772345,0,1,1,4621ac00,0,1,1
1438,1438,0,1253037264,0,1,1,4608e800,0,1,1
1439,1439,0,1259872316,0,1,1,45fd5000,0,1,1
1440,1440,0,1260581619,0,1,1,45eb0000,0,1,1
1441,1441,0,1267369910,0,1,1,45bb2800,0,1,1
1442,1442,0,1272363545,0,1,1,45b35800,0,1,1
1443,1443,0,1270574997,0,1,1,45ad2000,0,1,1
1444,1444,0,1272645655,0,1,1,45b23000,0,1,1
1445,1445,0,1245172968,0,1,1,45e1f000,0,1,1
1446,1446,0,1263752645,0,1,1,45f4c000,0,1,1
1447,1447,0,1274018428,0,1,1,46039000,0,1,1
1448,1448,0,1276358903,0,1,1,460d1000,0,1,1
1449,1449,0,1277278848,0,1,1,4624c400,0,1,1
1450,1450,0,1264573798,0,1,1,46291000,0,1,1
1451,1451,0,1297966352,0,1,1,4628a400,0,1,1
1452,1452,0,1263446300,0,1,1,4625b000,0,1,1
1453,1453,0,1295165551,0,1,1,460e9400,0,1,1
1454,1454,0,1290970918,0,1,1,46048800,0,1,1
1455,1455,0,1298018771,0,1,1,45f53000,0,1,1
1456,1456,0,1301645427,0,1,1,45e30800,0,1,1
1457,1457,0,1285631487,0,1,1,45b4d000,0,1,1
1458,1458,0,1326354688,0,1,1,45adf000,0,1,1
1459,1459,0,1307857770,0,1,1,45b14800,0,1,1
1460,1460,0,1298514287,0,1,1,45b8e000,0,1,1
1461,1461,0,1290472926,0,1,1,45e80000,0,1,1
1462,1462,0,1287488476,0,1,1,45fcf000,0,1,1
1463,1463,0,1302483201,0,1,1,46082400,0,1,1
1464,1464,0,1282429876,0,1,1,4620c400,0,1,1
1465,1465,0,1276600183,0,1,1,4627c000,0,1,1
1466,1466,0,1276125063,0,1,1,46294800,0,1,1
1467,1467,0,1269803774,0,1,1,46272400,0,1,1
1468,1468,0,1289279928,0,1,1,46223c00,0,1,1
1469,1469,0,1277583940,0,1,1,460ba400,0,1,1
1470,1470,0,1266203966,0,1,1,4600c400,0,1,1
1471,1471,0,1278171680,0,1,1,45e9a000,0,1,1
1472,1472,0,1274090066,0,1,1,45ba9800,0,1,1
1473,1473,0,1274907702,0,1,1,45b36800,0,1,1
1474,1474,0,1270894481,0,1,1,45ac7800,0,1,1
1475,1475,0,1241886847,0,1,1,45b38000,0,1,1
1476,1476,0,1265519563,0,1,1,45e1b000,0,1,1
1477,1477,0,1276772495,0,1,1,45f23000,0,1,1
1478,1478,0,1260412838,0,1,1,46031800,0,1,1
1479,1479,0,1254005126,0,1,1,460cf400,0,1,1
1480,1480,0,1275488156,0,1,1,46245000,0,1,1
1481,1481,0,1254831112,0,1,1,46285400,0,1,1
1482,1482,0,1234028372,0,1,1,462a0800,0,1,1
1483,1483,0,1293732293,0,1,1,46261c00,0,1,1
1484,1484,0,1275831948,0,1,1,460f8800,0,1,1
1485,1485,0,1251729003,0,1,1,46068400,0,1,1
1486,1486,0,1267862114,0,1,1,45f86800,0,1,1
1487,1487,0,1293148978,0,1,1,45e5e000,0,1,1
1488,1488,0,1294867630,0,1,1,45b5f800,0,1,1
1489,1489,0,1294054351,0,1,1,45ae8000,0,1,1
1490,1490,0,1277949577,0,1,1,45b0a000,0,1,1
1491,1491,0,1254595370,0,1,1,45b79000,0,1,1
1492,1492,0,1266888020,0,1,1,45e70800,0,1,1
1493,1493,0,1279209808,0,1,1,45fa3800,0,1,1
1494,1494,0,1246930260,0,1,1,4607a800,0,1,1
1495,1495,0,1272147480,0,1,1,460f1400,0,1,1
1496,1496,0,1278077918,0,1,1,4626d000,0,1,1
1497,1497,0,1264340059,0,1,1,4629a400,0,1,1
1498,1498,0,1256409484,0,1,1,46283800,0,1,1
1499,1499,0,1286794392,0,1,1,4623ec00,0,1,1
1500,1500,0,1261178239,0,1,1,460abc00,0,1,1
1501,1501,0,1275308729,0,1,1,46019000,0,1,1
1502,1502,0,1275877005,0,1,1,45ee2800,0,1,1
1503,1503,0,1264688084,0,1,1,45bd5000,0,1,1
1504,1504,0,1278025364,0,1,1,45b41800,0,1,1
1505,1505,0,1275662293,0,1,1,45ae6000,0,1,1
1506,1506,0,1253243745,0,1,1,45b1d800,0,1,1
1507,1507,0,1281018866,0,1,1,45bf2000,0,1,1
1508,1508,0,1265583361,0,1,1,45ef0800,0,1,1
1509,1509,0,1250180194,0,1,1,46016000,0,1,1
1510,1510,0,1258722805,0,1,1,460b8000,0,1,1
1511,1511,0,1260742557,0,1,1,4622a400,0,1,1
1512,1512,0,1278646314,0,1,1,46284000,0,1,1
1513,1513,0,1272908130,0,1,1,462a1800,0,1,1
1514,1514,0,1254575816,0,1,1,46265c00,0,1,1
1515,1515,0,1279735148,0,1,1,46202400,0,1,1
1516,1516,0,1265422395,0,1,1,46069400,0,1,1
1517,1517,0,1284756484,0,1,1,45f9f000,0,1,1
1518,1518,0,1285897868,0,1,1,45e8f800,0,1,1
1519,1519,0,1241254908,0,1,1,45b87000,0,1,1
1520,1520,0,1268215467,0,1,1,45aef000,0,1,1
1521,1521,0,1279158303,0,1,1,45afc800,0,1,1
1522,1522,0,1272176187,0,1,1,45b5b800,0,1,1
1523,1523,0,1284569516,0,1,1,45e57000,0,1,1
1524,1524,0,1249590734,0,1,1,45f9c800,0,1,1
1525,1525,0,1266479152,0,1,1,46050000,0,1,1
1526,1526,0,1267905746,0,1,1,460ecc00,0,1,1
1527,1527,0,1266784037,0,1,1,46271000,0,1,1
1528,1528,0,1277779429,0,1,1,46291000,0,1,1
1529,1529,0,1257578307,0,1,1,46284c00,0,1,1
1530,1530,0,1277430983,0,1,1,46242000,0,1,1
1531,1531,0,1250114293,0,1,1,460bd400,0,1,1
1532,1532,0,1263445762,0,1,1,4601b800,0,1,1
1533,1533,0,1237437474,0,1,1,45f05800,0,1,1
1534,1534,0,1272596008,0,1,1,45e28000,0,1,1
1535,1535,0,1237967492,0,1,1,45b3a000,0,1,1
1536,1536,0,1259886251,0,1,1,45ad2800,0,1,1
1537,1537,0,1233563021,0,1,1,45b3b800,0,1,1
1538,1538,0,1248851830,0,1,1,45bbc000,0,1,1
1539,1539,0,1254662176,0,1,1,45ec3800,0,1,1
1540,1540,0,1248851918,0,1,1,46014400,0,1,1
1541,1541,0,1233562984,0,1,1,460b5000,0,1,1
1542,1542,0,1259886248,0,1,1,4621f800,0,1,1
1543,1543,0,1237967494,0,1,1,46273c00,0,1,1
1544,1544,0,1272596017,0,1,1,4629fc00,0,1,1
1545,1545,0,1237437415,0,1,1,46277000,0,1,1
1546,1546,0,1263445744,0,1,1,4620c000,0,1,1
1547,1547,0,1250114310,0,1,1,46084c00,0,1,1
1548,1548,0,1277431002,0,1,1,45fbb800,0,1,1
1549,1549,0,1257578346,0,1,1,45e9b800,0,1,1
1550,1550,0,1277779414,0,1,1,45b9c000,0,1,1
1551,1551,0,1266784037,0,1,1,45afb000,0,1,1
1552,1552,0,1267905760,0,1,1,45afb000,0,1,1
1553,1553,0,1266479226,0,1,1,45afa000,0,1,1
1554,1554,0,1249590751,0,1,1,45b4f000,0,1,1
1555,1555,0,1284569518,0,1,1,45e3e000,0,1,1
1556,1556,0,1272176176,0,1,1,45f7d000,0,1,1
1557,1557,0,1279158310,0,1,1,46050000,0,1,1
1558,1558,0,1268215451,0,1,1,460d4800,0,1,1
1559,1559,0,1241254936,0,1,1,46257800,0,1,1
1560,1560,0,1285897859,0,1,1,46299c00,0,1,1
1561,1561,0,1284756503,0,1,1,4628ec00,0,1,1
1562,1562,0,1265422396,0,1,1,46249000,0,1,1
1563,1563,0,1279735149,0,1,1,460cf400,0,1,1
1564,1564,0,1254575778,0,1,1,4603c400,0,1,1
1565,1565,0,1272908086,0,1,1,45f1f000,0,1,1
1566,1566,0,1278646313,0,1,1,45e0f000,0,1,1
1567,1567,0,1260742556,0,1,1,45b64000,0,1,1
1568,1568,0,1258722770,0,1,1,45ac3800,0,1,1
1569,1569,0,1250180178,0,1,1,45b0c000,0,1,1
1570,1570,0,1265583342,0,1,1,45bb5000,0,1,1
1571,1571,0,1281018872,0,1,1,45eab800,0,1,1
1572,1572,0,1253243739,0,1,1,46003000,0,1,1
1573,1573,0,1275662319,0,1,1,4609a800,0,1,1
1574,1574,0,1278025381,0,1,1,46211800,0,1,1
1575,1575,0,1264688087,0,1,1,46272800,0,1,1
1576,1576,0,1275876985,0,1,1,462a2400,0,1,1
1577,1577,0,1275308724,0,1,1,46278c00,0,1,1
1578,1578,0,1261178224,0,1,1,46219400,0,1,1
1579,1579,0,1286794392,0,1,1,46090800,0,1,1
1580,1580,0,1256409501,0,1,1,45fcd000,0,1,1
1581,1581,0,1264340109,0,1,1,45eb2800,0,1,1
1582,1582,0,1278077922,0,1,1,45bc2000,0,1,1
1583,1583,0,1272147498,0,1,1,45b15000,0,1,1
1584,1584,0,1246930282,0,1,1,45aed000,0,1,1
1585,1585,0,1279209809,0,1,1,45b24000,0,1,1
1586,1586,0,1266888012,0,1,1,45e3a800,0,1,1
1587,1587,0,1254595378,0,1,1,45f57000,0,1,1
1588,1588,0,1277949566,0,1,1,4603a000,0,1,1
1589,1589,0,1294054346,0,1,1,460d5800,0,1,1
1590,1590,0,1294867634,0,1,1,4624e400,0,1,1
1591,1591,0,1293148974,0,1,1,4628b400,0,1,1
1592,1592,0,1267862111,0,1,1,46295400,0,1,1
1593,1593,0,1251728968,0,1,1,4625cc00,0,1,1
1594,1594,0,1275831957,0,1,1,460d7800,0,1,1
1595,1595,0,1293732296,0,1,1,4603fc00,0,1,1
1596,1596,0,1234028409,0,1,1,45f4b000,0,1,1
1597,1597,0,1254831164,0,1,1,45e55800,0,1,1
1598,1598,0,1275488154,0,1,1,45b45800,0,1,1
1599,1599,0,1254005161,0,1,1,45ae5800,0,1,1
1600,1600,0,1260412902,0,1,1,45b25800,0,1,1
1601,1601,0,1276772500,0,1,1,45b93800,0,1,1
1602,1602,0,1265519506,0,1,1,45e87800,0,1,1
1603,1603,0,1241886850,0,1,1,45fe2800,0,1,1
1604,1604,0,1270894709,0,1,1,4608c000,0,1,1
1605,1605,0,1274907261,0,1,1,4620a800,0,1,1
1606,1606,0,1274090048,0,1,1,4627c000,0,1,1
1607,1607,0,1278171659,0,1,1,462a0400,0,1,1
1608,1608,0,1266204036,0,1,1,46274400,0,1,1
1609,1609,0,1277583914,0,1,1,46225400,0,1,1
1610,1610,0,1289279932,0,1,1,460a6800,0,1,1
1611,1611,0,1269803792,0,1,1,45ffc000,0,1,1
1612,1612,0,1276125082,0,1,1,45eb2800,0,1,1
1613,1613,0,1276600162,0,1,1,45bca800,0,1,1
1614,1614,0,1282429877,0,1,1,45b46800,0,1,1
1615,1615,0,1302483202,0,1,1,45ae4000,0,1,1
1616,1616,0,1287488478,0,1,1,45b33800,0,1,1
1617,1617,0,1290472928,0,1,1,45e07800,0,1,1
1618,1618,0,1298514294,0,1,1,45f2b000,0,1,1
1619,1619,0,1307857765,0,1,1,46032000,0,1,1
1620,1620,0,1326354682,0,1,1,460c8400,0,1,1
1621,1621,0,1285631499,0,1,1,46240c00,0,1,1
1622,1622,0,1301645429,0,1,1,46285800,0,1,1
1623,1623,0,1298018769,0,1,1,46296000,0,1,1
1624,1624,0,1290970913,0,1,1,46266000,0,1,1
1625,1625,0,1295165525,0,1,1,460ebc00,0,1,1
1626,1626,0,1263446269,0,1,1,46062800,0,1,1
1627,1627,0,1297966353,0,1,1,45f6e000,0,1,1
1628,1628,0,1264573790,0,1,1,45e5c800,0,1,1
1629,1629,0,1277278851,0,1,1,45b63800,0,1,1
1630,1630,0,1276358926,0,1,1,45aed000,0,1,1
1631,1631,0,1274018454,0,1,1,45b18800,0,1,1
1632,1632,0,1263752695,0,1,1,45b7f000,0,1,1
1633,1633,0,1245173032,0,1,1,45e6a800,0,1,1
1634,1634,0,1272645633,0,1,1,45f9f800,0,1,1
1635,1635,0,1270575002,0,1,1,46081c00,0,1,1
1636,1636,0,1272363531,0,1,1,460fdc00,0,1,1
1637,1637,0,1267369931,0,1,1,46276800,0,1,1
1638,1638,0,1260581597,0,1,1,46293800,0,1,1
1639,1639,0,1259872327,0,1,1,46277800,0,1,1
1640,1640,0,1253037247,0,1,1,46236000,0,1,1
1641,1641,0,1247772372,0,1,1,460be000,0,1,1
1642,1642,0,1276370293,0,1,1,4600ac00,0,1,1
1643,1643,0,1243112980,0,1,1,45ed7000,0,1,1
1644,1644,0,1277556480,0,1,1,45bd9800,0,1,1
1645,1645,0,1254143947,0,1,1,45b28000,0,1,1
1646,1646,0,1273156792,0,1,1,45ad8800,0,1,1
1647,1647,0,1271103595,0,1,1,45b34800,0,1,1
1648,1648,0,1268067602,0,1,1,45bf5000,0,1,1
1649,1649,0,1241824539,0,1,1,45ef3800,0,1,1
1650,1650,0,1290357087,0,1,1,46016000,0,1,1
1651,1651,0,1248941370,0,1,1,460be800,0,1,1
1652,1652,0,1280502977,0,1,1,46240400,0,1,1
1653,1653,0,1264311786,0,1,1,4627b400,0,1,1
1654,1654,0,1264268172,0,1,1,462a5800,0,1,1
1655,1655,0,1267075912,0,1,1,4626c000,0,1,1
1656,1656,0,1263814574,0,1,1,460ecc00,0,1,1
1657,1657,0,1267946752,0,1,1,46065400,0,1,1
1658,1658,0,1284021826,0,1,1,45f97000,0,1,1
1659,1659,0,1284867166,0,1,1,45e69000,0,1,1
1660,1660,0,1284096998,0,1,1,45b8e800,0,1,1
1661,1661,0,1240376907,0,1,1,45ade800,0,1,1
1662,1662,0,1234584021,0,1,1,45b09000,0,1,1
1663,1663,0,1259161497,0,1,1,45b67000,0,1,1
1664,1664,0,1260889021,0,1,1,45e6a000,0,1,1
1665,1665,0,1286718801,0,1,1,45f81000,0,1,1
1666,1666,0,1269570337,0,1,1,4606fc00,0,1,1
1667,1667,0,1272308191,0,1,1,460f3c00,0,1,1
1668,1668,0,1286401518,0,1,1,46262800,0,1,1
1669,1669,0,1266448472,0,1,1,46293400,0,1,1
1670,1670,0,1279004878,0,1,1,4627f000,0,1,1
1671,1671,0,1247704672,0,1,1,4623c000,0,1,1
1672,1672,0,1268923030,0,1,1,460c7000,0,1,1
1673,1673,0,1283710473,0,1,1,46023c00,0,1,1
1674,1674,0,1258950843,0,1,1,45f1f000,0,1,1
1675,1675,0,1256975041,0,1,1,45be5000,0,1,1
1676,1676,0,1278518175,0,1,1,45b24800,0,1,1
1677,1677,0,1278235982,0,1,1,45afe800,0,1,1
1678,1678,0,1278322543,0,1,1,45b2b800,0,1,1
1679,1679,0,1260079181,0,1,1,45bc0000,0,1,1
1680,1680,0,1277504294,0,1,1,45ed1000,0,1,1
1681,1681,0,1279164927,0,1,1,4600f800,0,1,1
1682,1682,0,1279055779,0,1,1,460aec00,0,1,1
1683,1683,0,1283423716,0,1,1,4622ac00,0,1,1
1684,1684,0,1277200090,0,1,1,4628c800,0,1,1
1685,1685,0,1285048716,0,1,1,4629dc00,0,1,1
1686,1686,0,1258905989,0,1,1,4625e000,0,1,1
1687,1687,0,1277877286,0,1,1,46208400,0,1,1
1688,1688,0,1258949646,0,1,1,4608d400,0,1,1
1689,1689,0,1234589732,0,1,1,45fbc000,0,1,1
1690,1690,0,1285146774,0,1,1,45e70800,0,1,1
1691,1691,0,1287314576,0,1,1,45b86000,0,1,1
1692,1692,0,1285413298,0,1,1,45afe800,0,1,1
1693,1693,0,1278874523,0,1,1,45af6000,0,1,1
1694,1694,0,1276239972,0,1,1,45b6b000,0,1,1
1695,1695,0,1274840958,0,1,1,45e56000,0,1,1
1696,1696,0,1243641371,0,1,1,45f86800,0,1,1
1697,1697,0,1268570780,0,1,1,4604f400,0,1,1
1698,1698,0,1273816797,0,1,1,460e7400,0,1,1
1699,1699,0,1261520710,0,1,1,4626bc00,0,1,1
1700,1700,0,1271937055,0,1,1,46299c00,0,1,1
1701,1701,0,1267449109,0,1,1,46285800,0,1,1
1702,1702,0,1258702076,0,1,1,46248000,0,1,1
1703,1703,0,1265986868,0,1,1,460dc000,0,1,1
1704,1704,0,1253105978,0,1,1,46037000,0,1,1
1705,1705,0,1232618563,0,1,1,45f34800,0,1,1
1706,1706,0,1281881194,0,1,1,45e14000,0,1,1
1707,1707,0,1265900498,0,1,1,45b3c800,0,1,1
1708,1708,0,1243950311,0,1,1,45ae3000,0,1,1
1709,1709,0,1261253095,0,1,1,45b2c000,0,1,1
1710,1710,0,1277981004,0,1,1,45bcf800,0,1,1
1711,1711,0,1293796772,0,1,1,45ec4800,0,1,1
1712,1712,0,1294426468,0,1,1,45ffe000,0,1,1
1713,1713,0,1273623040,0,1,1,46097400,0,1,1
1714,1714,0,1268861531,0,1,1,46221000,0,1,1
1715,1715,0,1294810055,0,1,1,46282c00,0,1,1
1716,1716,0,1295079350,0,1,1,462a2000,0,1,1
1717,1717,0,1301623586,0,1,1,46269c00,0,1,1
1718,1718,0,1277452749,0,1,1,46215400,0,1,1
1719,1719,0,1308041594,0,1,1,4608d800,0,1,1
1720,1720,0,1303754667,0,1,1,45fd3800,0,1,1
1721,1721,0,1311031100,0,1,1,45e7e800,0,1,1
1722,1722,0,1335532542,0,1,1,45ba5000,0,1,1
1723,1723,0,1322679940,0,1,1,45b20800,0,1,1
1724,1724,0,1326668108,0,1,1,45aec000,0,1,1
1725,1725,0,1313584700,0,1,1,45b5f000,0,1,1
1726,1726,0,1291199578,0,1,1,45e2b800,0,1,1
1727,1727,0,1261709511,0,1,1,45f43000,0,1,1
1728,1728,0,1286066090,0,1,1,4603c000,0,1,1
1729,1729,0,1281503174,0,1,1,460d3400,0,1,1
1730,1730,0,1302415344,0,1,1,46257800,0,1,1
1731,1731,0,1290550980,0,1,1,46290400,0,1,1
1732,1732,0,1258477494,0,1,1,46298800,0,1,1
1733,1733,0,1267604153,0,1,1,46246c00,0,1,1
1734,1734,0,1260291444,0,1,1,460d0400,0,1,1
1735,1735,0,1268876954,0,1,1,46045000,0,1,1
1736,1736,0,1261160238,0,1,1,45f51800,0,1,1
1737,1737,0,1275370905,0,1,1,45e1f800,0,1,1
1738,1738,0,1286446558,0,1,1,45b51000,0,1,1
1739,1739,0,1278190281,0,1,1,45ae3000,0,1,1
1740,1740,0,1279563682,0,1,1,45b03800,0,1,1
1741,1741,0,1262802035,0,1,1,45bb2800,0,1,1
1742,1742,0,1280710346,0,1,1,45e9f000,0,1,1
1743,1743,0,1293524851,0,1,1,45fdf800,0,1,1
1744,1744,0,1287670400,0,1,1,4608dc00,0,1,1
1745,1745,0,1270055771,0,1,1,4620b400,0,1,1
1746,1746,0,1285078868,0,1,1,46272800,0,1,1
1747,1747,0,1266794249,0,1,1,46299400,0,1,1
1748,1748,0,1287276770,0,1,1,4627c800,0,1,1
1749,1749,0,1283794670,0,1,1,4621c800,0,1,1
1750,1750,0,1284140220,0,1,1,460a1c00,0,1,1
1751,1751,0,1244667285,0,1,1,45fd6800,0,1,1
1752,1752,0,1287254340,0,1,1,45eb5000,0,1,1
1753,1753,0,1276756813,0,1,1,45bcb000,0,1,1
1754,1754,0,1279042275,0,1,1,45b26800,0,1,1
1755,1755,0,1276003780,0,1,1,45ac6000,0,1,1
1756,1756,0,1284792415,0,1,1,45b52800,0,1,1
1757,1757,0,1276351966,0,1,1,45e14000,0,1,1
1758,1758,0,1265334365,0,1,1,45f1f000,0,1,1
1759,1759,0,1290462177,0,1,1,4602e000,0,1,1
1760,1760,0,1273168715,0,1,1,460d8000,0,1,1
1761,1761,0,1255558144,0,1,1,46245800,0,1,1
1762,1762,0,1282861490,0,1,1,4628b000,0,1,1
1763,1763,0,1272251680,0,1,1,46294400,0,1,1
1764,1764,0,1281105362,0,1,1,46269000,0,1,1
1765,1765,0,1272596392,0,1,1,460df400,0,1,1
1766,1766,0,1278093063,0,1,1,46050c00,0,1,1
1767,1767,0,1280850778,0,1,1,45f75000,0,1,1
1768,1768,0,1288959286,0,1,1,45e41800,0,1,1
1769,1769,0,1270969564,0,1,1,45b53000,0,1,1
1770,1770,0,1287975845,0,1,1,45ae1800,0,1,1
1771,1771,0,1284581090,0,1,1,45b15000,0,1,1
1772,1772,0,1271301963,0,1,1,45b90800,0,1,1
1773,1773,0,1276617519,0,1,1,45e88800,0,1,1
1774,1774,0,1280066532,0,1,1,45fb7000,0,1,1
1775,1775,0,1284352172,0,1,1,46079400,0,1,1
1776,1776,0,1291904018,0,1,1,46202c00,0,1,1
1777,1777,0,1283977438,0,1,1,46270c00,0,1,1
1778,1778,0,1290640342,0,1,1,462a1400,0,1,1
1779,1779,0,1280614800,0,1,1,4627d400,0,1,1
1780,1780,0,1285211298,0,1,1,4622a800,0,1,1
1781,1781,0,1257937475,0,1,1,460b3800,0,1,1
1782,1782,0,1290278969,0,1,1,46002400,0,1,1
1783,1783,0,1275935979,0,1,1,45ebe800,0,1,1
1784,1784,0,1269129513,0,1,1,45bfb000,0,1,1
1785,1785,0,1231734720,0,1,1,45b24000,0,1,1
1786,1786,0,1283901536,0,1,1,45ad4800,0,1,1
1787,1787,0,1292357376,0,1,1,45b36000,0,1,1
1788,1788,0,1257137820,0,1,1,45bfb000,0,1,1
1789,1789,0,1295805430,0,1,1,45ee2000,0,1,1
1790,1790,0,1288578995,0,1,1,46028400,0,1,1
1791,1791,0,1268928264,0,1,1,460be000,0,1,1
1792,1792,0,1279835210,0,1,1,46238c00,0,1,1
1793,1793,0,1285745360,0,1,1,4627f400,0,1,1
1794,1794,0,1292649349,0,1,1,46294800,0,1,1
1795,1795,0,1280639058,0,1,1,46266400,0,1,1
1796,1796,0,1271927655,0,1,1,460f1000,0,1,1
1797,1797,0,1289765488,0,1,1,4605b400,0,1,1
1798,1798,0,1280192241,0,1,1,45f86000,0,1,1
1799,1799,0,1282006010,0,1,1,45e57000,0,1,1
1800,1800,0,1276828552,0,1,1,45b7d000,0,1,1
1801,1801,0,1274848695,0,1,1,45aeb800,0,1,1
1802,1802,0,1279352129,0,1,1,45b01000,0,1,1
1803,1803,0,1266657353,0,1,1,45b73800,0,1,1
1804,1804,0,1282194576,0,1,1,45e6b800,0,1,1
1805,1805,0,1275936146,0,1,1,45f92800,0,1,1
1806,1806,0,1276558703,0,1,1,46077c00,0,1,1
1807,1807,0,1282825990,0,1,1,460f9000,0,1,1
1808,1808,0,1272970959,0,1,1,4625d400,0,1,1
1809,1809,0,1270221086,0,1,1,46291800,0,1,1
1810,1810,0,1285490204,0,1,1,46285800,0,1,1
1811,1811,0,1288466716,0,1,1,46244000,0,1,1
1812,1812,0,1262750792,0,1,1,460b3400,0,1,1
1813,1813,0,1271834322,0,1,1,46013800,0,1,1
1814,1814,0,1284226594,0,1,1,45f06800,0,1,1
1815,1815,0,1276611259,0,1,1,45bdd000,0,1,1
1816,1816,0,1277150556,0,1,1,45b30800,0,1,1
1817,1817,0,1270776013,0,1,1,45aec000,0,1,1
1818,1818,0,1267817683,0,1,1,45b0f800,0,1,1
1819,1819,0,1292242930,0,1,1,45bdc000,0,1,1
1820,1820,0,1286258654,0,1,1,45ee9000,0,1,1
1821,1821,0,1276221503,0,1,1,4600e400,0,1,1
1822,1822,0,1291987823,0,1,1,460b9400,0,1,1
1823,1823,0,1287526995,0,1,1,46226400,0,1,1
1824,1824,0,1270415376,0,1,1,46285800,0,1,1
1825,1825,0,1287479036,0,1,1,462a5c00,0,1,1
1826,1826,0,1284932422,0,1,1,4626ac00,0,1,1
1827,1827,0,1267401574,0,1,1,460f2800,0,1,1
1828,1828,0,1280676600,0,1,1,46085000,0,1,1
1829,1829,0,1270196095,0,1,1,45fb0800,0,1,1
1830,1830,0,1270880254,0,1,1,45e72000,0,1,1
1831,1831,0,1249497523,0,1,1,45b95800,0,1,1
1832,1832,0,1292538894,0,1,1,45b1f800,0,1,1
1833,1833,0,1282489751,0,1,1,45ae5000,0,1,1
1834,1834,0,1252146806,0,1,1,45b5e000,0,1,1
1835,1835,0,1286153689,0,1,1,45e33000,0,1,1
1836,1836,0,1266715566,0,1,1,45f9a000,0,1,1
1837,1837,0,1254050184,0,1,1,4605f000,0,1,1
1838,1838,0,1275637113,0,1,1,460f3800,0,1,1
1839,1839,0,1285126284,0,1,1,46266400,0,1,1
1840,1840,0,1286839648,0,1,1,46285c00,0,1,1
1841,1841,0,1275231930,0,1,1,4628b000,0,1,1
1842,1842,0,1261574820,0,1,1,46241400,0,1,1
1843,1843,0,1290419103,0,1,1,460de800,0,1,1
1844,1844,0,1287785872,0,1,1,4601e000,0,1,1
1845,1845,0,1288557286,0,1,1,45f17800,0,1,1
1846,1846,0,1288089730,0,1,1,45bfb800,0,1,1
1847,1847,0,1271832785,0,1,1,45b34800,0,1,1
1848,1848,0,1291930547,0,1,1,45af8000,0,1,1
1849,1849,0,1258277790,0,1,1,45b1f800,0,1,1
1850,1850,0,1297981346,0,1,1,45bbf800,0,1,1
1851,1851,0,1305495682,0,1,1,45ecf000,0,1,1
1852,1852,0,1279913214,0,1,1,46006000,0,1,1
1853,1853,0,1330546497,0,1,1,460a3400,0,1,1
1854,1854,0,1340245561,0,1,1,46216c00,0,1,1
1855,1855,0,1319567762,0,1,1,4627f800,0,1,1
1856,1856,0,1305027044,0,1,1,4629b000,0,1,1
1857,1857,0,1291063269,0,1,1,4626e000,0,1,1
1858,1858,0,1267075259,0,1,1,46209800,0,1,1
1859,1859,0,1277989526,0,1,1,4608fc00,0,1,1
1860,1860,0,1270318863,0,1,1,45fb5000,0,1,1
1861,1861,0,1225152553,0,1,1,45e95800,0,1,1
1862,1862,0,1271464704,0,1,1,45ba9000,0,1,1
1863,1863,0,1212316297,0,1,1,45aeb800,0,1,1
1864,1864,0,1268766281,0,1,1,45afb800,0,1,1
1865,1865,0,1274333104,0,1,1,45af9800,0,1,1
1866,1866,0,1267059488,0,1,1,45b6e000,0,1,1
1867,1867,0,1256831095,0,1,1,45e37000,0,1,1
1868,1868,0,1251805540,0,1,1,45f34800,0,1,1
1869,1869,0,1283683186,0,1,1,46055000,0,1,1
1870,1870,0,1284874652,0,1,1,460e0000,0,1,1
1871,1871,0,1275032805,0,1,1,4625a800,0,1,1
1872,1872,0,1277366858,0,1,1,4628d000,0,1,1
1873,1873,0,1257066020,0,1,1,46289800,0,1,1
1874,1874,0,1275585717,0,1,1,46258000,0,1,1
1875,1875,0,1251130398,0,1,1,460d4c00,0,1,1
1876,1876,0,1267031856,0,1,1,46036800,0,1,1
1877,1877,0,1293260976,0,1,1,45f2d000,0,1,1
1878,1878,0,1272806211,0,1,1,45e0f800,0,1,1
1879,1879,0,1267425150,0,1,1,45b65800,0,1,1
1880,1880,0,1291357397,0,1,1,45af0000,0,1,1
1881,1881,0,1291362984,0,1,1,45b0c000,0,1,1
1882,1882,0,1302347682,0,1,1,45baf800,0,1,1
1883,1883,0,1309161566,0,1,1,45ead000,0,1,1
1884,1884,0,1311467235,0,1,1,45fd5000,0,1,1
1885,1885,0,1294409053,0,1,1,46094000,0,1,1
1886,1886,0,1261262702,0,1,1,46222800,0,1,1
1887,1887,0,1250686997,0,1,1,4626f400,0,1,1
1888,1888,0,1252955594,0,1,1,46293000,0,1,1
1889,1889,0,1276631424,0,1,1,46280800,0,1,1
1890,1890,0,1274997848,0,1,1,462a0800,0,1,1
1891,1891,0,1285285689,0,1,1,46220800,0,1,1
1892,1892,0,1274163936,0,1,1,46093400,0,1,1
1893,1893,0,1259980323,0,1,1,45fe9800,0,1,1
1894,1894,0,1270864054,0,1,1,45ea4800,0,1,1
1895,1895,0,1246037491,0,1,1,45bb2000,0,1,1
1896,1896,0,1273439092,0,1,1,45b35800,0,1,1
1897,1897,0,1277298265,0,1,1,45ad5000,0,1,1
1898,1898,0,1255067417,0,1,1,45b4a800,0,1,1
1899,1899,0,1279178322,0,1,1,45e33000,0,1,1
1900,1900,0,1278910839,0,1,1,45f2b800,0,1,1
1901,1901,0,1250329435,0,1,1,4602f400,0,1,1
1902,1902,0,1277148041,0,1,1,460d6400,0,1,1
1903,1903,0,1282469368,0,1,1,46250c00,0,1,1
1904,1904,0,1268282771,0,1,1,4628b400,0,1,1
1905,1905,0,1270605974,0,1,1,46288800,0,1,1
1906,1906,0,1252173761,0,1,1,4625ac00,0,1,1
1907,1907,0,1277734447,0,1,1,460e4000,0,1,1
1908,1908,0,1277891628,0,1,1,4604e000,0,1,1
1909,1909,0,1276967728,0,1,1,45f50000,0,1,1
1910,1910,0,1287368848,0,1,1,45e2f800,0,1,1
1911,1911,0,1279032496,0,1,1,45b65000,0,1,1
1912,1912,0,1278795970,0,1,1,45aec800,0,1,1
1913,1913,0,1294158780,0,1,1,45af8000,0,1,1
1914,1914,0,1279795375,0,1,1,45b92000,0,1,1
1915,1915,0,1290528680,0,1,1,45e8b000,0,1,1
1916,1916,0,1277257041,0,1,1,45fb3000,0,1,1
1917,1917,0,1268619526,0,1,1,46080400,0,1,1
1918,1918,0,1274515092,0,1,1,4620d000,0,1,1
1919,1919,0,1292003875,0,1,1,46277400,0,1,1
1920,1920,0,1292595135,0,1,1,46298000,0,1,1
1921,1921,0,1240128666,0,1,1,46283800,0,1,1
1922,1922,0,1259339635,0,1,1,4622b400,0,1,1
1923,1923,0,1275827681,0,1,1,46099c00,0,1,1
1924,1924,0,1276763563,0,1,1,46009400,0,1,1
1925,1925,0,1276252533,0,1,1,45ed6800,0,1,1
1926,1926,0,1282144480,0,1,1,45bc8800,0,1,1
1927,1927,0,1276024672,0,1,1,45b08800,0,1,1
1928,1928,0,1296524644,0,1,1,45ad3000,0,1,1
1929,1929,0,1288724672,0,1,1,45b59000,0,1,1
1930,1930,0,1287777641,0,1,1,45e09000,0,1,1
1931,1931,0,1294484088,0,1,1,45eef800,0,1,1
1932,1932,0,1295364107,0,1,1,46028800,0,1,1
1933,1933,0,1291097131,0,1,1,460c7400,0,1,1
1934,1934,0,1270509816,0,1,1,4623ec00,0,1,1
1935,1935,0,1284522702,0,1,1,4628a000,0,1,1
1936,1936,0,1293707542,0,1,1,462a0000,0,1,1
1937,1937,0,1292965678,0,1,1,46252c00,0,1,1
1938,1938,0,1288805316,0,1,1,460f5c00,0,1,1
1939,1939,0,1289645698,0,1,1,4605e400,0,1,1
1940,1940,0,1293549940,0,1,1,45f8d800,0,1,1
1941,1941,0,1297585086,0,1,1,45e4d000,0,1,1
1942,1942,0,1297477186,0,1,1,45b71000,0,1,1
1943,1943,0,1289190569,0,1,1,45af0000,0,1,1
1944,1944,0,1291363474,0,1,1,45b11000,0,1,1
1945,1945,0,1291678042,0,1,1,45b7d000,0,1,1
1946,1946,0,1288675449,0,1,1,45e59000,0,1,1
1947,1947,0,1286633824,0,1,1,45fa8800,0,1,1
1948,1948,0,1306020733,0,1,1,4606b400,0,1,1
1949,1949,0,1300571190,0,1,1,460f0800,0,1,1
1950,1950,0,1300348842,0,1,1,46262800,0,1,1
1951,1951,0,1296146169,0,1,1,462a9c00,0,1,1
1952,1952,0,1283540313,0,1,1,46291000,0,1,1
1953,1953,0,1303435492,0,1,1,46220000,0,1,1
1954,1954,0,1300447187,0,1,1,460b1800,0,1,1
1955,1955,0,1308852948,0,1,1,46018800,0,1,1
1956,1956,0,1310987012,0,1,1,45ee4800,0,1,1
1957,1957,0,1302987154,0,1,1,45be8000,0,1,1
1958,1958,0,1301750705,0,1,1,45b26000,0,1,1
1959,1959,0,1305223434,0,1,1,45ae3800,0,1,1
1960,1960,0,1303217959,0,1,1,45b2b800,0,1,1
1961,1961,0,1309440304,0,1,1,45bec800,0,1,1
1962,1962,0,1293658475,0,1,1,45efa800,0,1,1
1963,1963,0,1308624116,0,1,1,4600ec00,0,1,1
1964,1964,0,1308487458,0,1,1,460aa400,0,1,1
1965,1965,0,1309290782,0,1,1,4622c000,0,1,1
1966,1966,0,1317381422,0,1,1,46296000,0,1,1
1967,1967,0,1302948337,0,1,1,4628f400,0,1,1
1968,1968,0,1302008054,0,1,1,46257400,0,1,1
1969,1969,0,1313142772,0,1,1,46203000,0,1,1
1970,1970,0,1317060102,0,1,1,46078c00,0,1,1
1971,1971,0,1322369848,0,1,1,45f91800,0,1,1
1972,1972,0,1309242108,0,1,1,45e66800,0,1,1
1973,1973,0,1307819970,0,1,1,45b91000,0,1,1
1974,1974,0,1320588906,0,1,1,45af7000,0,1,1
1975,1975,0,1321972856,0,1,1,45af1800,0,1,1
1976,1976,0,1327681408,0,1,1,45b87000,0,1,1
1977,1977,0,1323194857,0,1,1,45e4b000,0,1,1
1978,1978,0,1328798830,0,1,1,45f75800,0,1,1
1979,1979,0,1332939004,0,1,1,46053000,0,1,1
1980,1980,0,1327417423,0,1,1,460f5c00,0,1,1
1981,1981,0,1346768363,0,1,1,4625d400,0,1,1
1982,1982,0,1353348424,0,1,1,4628f000,0,1,1
1983,1983,0,1359637336,0,1,1,46293400,0,1,1
1984,1984,0,1372361696,0,1,1,46240c00,0,1,1
1985,1985,0,1399936312,0,1,1,460b5400,0,1,1
1986,1986,0,1387136676,0,1,1,4602f000,0,1,1
1987,1987,0,1370428019,0,1,1,45f22000,1,1,1
1988,1988,0,1350764889,0,1,1,4600a800,0,1,1
1989,1989,0,1340977328,0,1,1,4600a800,0,1,1
1990,1990,0,1322453206,0,1,1,4600a800,0,1,1
1991,1991,0,1339410312,0,1,1,45edc000,0,1,1
1992,1992,0,1337152836,0,1,1,45bdb000,0,1,1
1993,1993,0,1316507572,0,1,1,45b2e800,0,1,1
1994,1994,0,1326424960,0,1,1,45f7d800,0,1,1
1995,1995,0,1318020164,0,1,1,46063800,0,1,1
1996,1996,0,1311281020,0,1,1,460f5800,0,1,1
1997,1997,0,1310605748,0,1,1,4625e400,0,1,1
1998,1998,0,1312764772,0,1,1,4628a800,0,1,1
1999,1999,0,1322217674,0,1,1,46293400,0,1,1
2000,2000,0,1314880958,0,1,1,46236400,0,1,1
2001,2001,0,1287751361,0,1,1,460ab800,0,1,1
2002,2002,0,1288946848,0,1,1,4602ac00,0,1,1
2003,2003,0,1306980255,0,1,1,45f11800,0,1,1
2004,2004,0,1316548375,0,1,1,45be4800,0,1,1
2005,2005,0,1309682765,0,1,1,45b39000,0,1,1
2006,2006,0,1272700182,0,1,1,45aed000,0,1,1
2007,2007,0,1298149637,0,1,1,45b26000,0,1,1
2008,2008,0,1289074188,0,1,1,45bb8000,0,1,1
2009,2009,0,1303471257,0,1,1,45eeb800,0,1,1
2010,2010,0,1297168530,0,1,1,46012800,0,1,1
2011,2011,0,1286140353,0,1,1,460a6c00,0,1,1
2012,2012,0,1296275530,0,1,1,4621dc00,0,1,1
2013,2013,0,1278792527,0,1,1,4628b000,0,1,1
2014,2014,0,1282181918,0,1,1,4629fc00,0,1,1
2015,2015,0,1310051394,0,1,1,46266000,0,1,1
2016,2016,0,1303326577,0,1,1,46205400,0,1,1
2017,2017,0,1303406789,0,1,1,46086000,0,1,1
2018,2018,0,1296280550,0,1,1,45fb2800,0,1,1
2019,2019,0,1276328485,0,1,1,45e88000,0,1,1
2020,2020,0,1301382746,0,1,1,45b95800,0,1,1
2021,2021,0,1286653915,0,1,1,45afc800,0,1,1
2022,2022,0,1294347654,0,1,1,45afd000,0,1,1
2023,2023,0,1290463767,0,1,1,45b4a000,0,1,1
2024,2024,0,1270507578,0,1,1,45e36000,0,1,1
2025,2025,0,1294817238,0,1,1,45f8b000,0,1,1
2026,2026,0,1277029242,0,1,1,46055400,0,1,1
2027,2027,0,1288013740,0,1,1,460e9000,0,1,1
2028,2028,0,1291762797,0,1,1,46261000,0,1,1
2029,2029,0,1292513258,0,1,1,46286c00,0,1,1
2030,2030,0,1294465658,0,1,1,4628b800,0,1,1
2031,2031,0,1271984055,0,1,1,46249c00,0,1,1
2032,2032,0,1281828138,0,1,1,460c7400,0,1,1
2033,2033,0,1302555130,0,1,1,46035c00,0,1,1
2034,2034,0,1301792338,0,1,1,45f2b000,0,1,1
2035,2035,0,1295576874,0,1,1,45e1e800,0,1,1
2036,2036,0,1288973809,0,1,1,45b45800,0,1,1
2037,2037,0,1285852912,0,1,1,45adb000,0,1,1
2038,2038,0,1297805390,0,1,1,45b04800,0,1,1
2039,2039,0,1295328788,0,1,1,45bc8800,0,1,1
2040,2040,0,1294517018,0,1,1,45ead800,0,1,1
2041,2041,0,1288395824,0,1,1,45fff000,0,1,1
2042,2042,0,1279464318,0,1,1,460a1000,0,1,1
2043,2043,0,1295473124,0,1,1,4621cc00,0,1,1
2044,2044,0,1306348530,0,1,1,46280400,0,1,1
2045,2045,0,1297914755,0,1,1,46292000,0,1,1
2046,2046,0,1299193090,0,1,1,4626b800,0,1,1
2047,2047,0,1280053349,0,1,1,46215c00,0,1,1
